number,value,datetime_start,datetime_complete,duration,params_discard_2_exit_value,params_discard_3_4_exit_value,params_discard_dead_end_value,params_discard_duplicate_penalty,params_discard_enemy_door_value,params_discard_key_useless_value,params_discard_ladder_value,params_discard_own_door_value,params_ladder_bonus,params_max_kept_repairs,params_max_kept_sabotages,params_rockfall_base,params_rockfall_gold_penalty,params_rockfall_ladder_bonus,params_rockfall_own_path_penalty,params_sabotage_cart_weight,params_sabotage_lamp_weight,params_sabotage_pickaxe_weight,state
0,0.5,2026-05-10 19:07:06.862934,2026-05-10 19:07:06.879143,0 days 00:00:00.016209,19.70376821774833,21.52323109246379,-10.878403374084158,-30.012020679629963,-6.388952288185912,-36.736542740474476,58.939879920423806,-2.93949002555955,19.90328019201943,2,1,49.00166186487353,99.86865653150755,20.526662314882913,56.771222618465195,20.146206528860006,17.503612058358954,8.228486574767555,COMPLETE
1,0.5,2026-05-10 19:07:06.879196,2026-05-10 19:07:06.881507,0 days 00:00:00.002311,29.884205240388788,33.80591543489788,-14.617476283632946,-19.3852712193467,-14.587136746884397,-1.0560202639804785,66.7397734994396,-10.633463061165314,30.883809396121542,2,3,11.023787126364425,30.301381167965324,26.30700945861566,56.07477059949,6.183226465575582,25.92686603758451,13.82488936099407,COMPLETE
2,0.5,2026-05-10 19:07:06.881540,2026-05-10 19:07:06.883765,0 days 00:00:00.002225,23.494208482522403,66.56202784123505,-7.0310479118131255,-33.53363088799563,-12.768826334014143,-10.872117505372401,72.03146191979033,7.772637045644707,47.2581757771922,2,2,15.345497296384657,88.92692840098377,48.686897685638584,71.62772241442235,21.735639415820263,12.553604422620268,18.79451256685764,COMPLETE
3,0.5,2026-05-10 19:07:06.883789,2026-05-10 19:07:06.886009,0 days 00:00:00.002220,24.61965930055286,56.381138276172166,-23.299833911210687,-29.001999017465007,-29.809997572835506,-33.190695844195574,63.55918134857436,10.236784027591174,44.33317396306424,3,1,36.42501857012917,78.71631766228184,53.469748771187405,46.231594545565834,7.958431781535806,27.673271338484344,10.127874059408704,COMPLETE
4,0.5,2026-05-10 19:07:06.886031,2026-05-10 19:07:06.888282,0 days 00:00:00.002251,20.516037804827583,76.0942426560069,-4.865534782576596,-3.5722029025161532,-24.96504039972347,-47.35396459443362,47.32437435885983,0.536965053921513,49.344283972436145,3,1,14.214652237152446,15.741350332191187,44.48815141224498,27.504120830871013,21.91470462665485,17.935451471600775,14.09513417869501,COMPLETE
5,0.5,2026-05-10 19:07:06.888307,2026-05-10 19:07:06.890542,0 days 00:00:00.002235,1.868677971862862,53.84355539013748,-13.717063919673087,-32.48129970530659,-25.50775287767717,-30.19802443220152,40.238533902992216,-1.1910774722245598,20.30283534390515,2,3,39.70389978680312,44.66138763492424,26.553340597375723,92.06265700136706,6.666286268490868,18.60123187985235,19.825215874324638,COMPLETE
6,0.5,2026-05-10 19:07:06.890564,2026-05-10 19:07:06.892775,0 days 00:00:00.002211,20.33054474436017,72.10051268329958,-21.793037956706506,-15.157957222464205,-34.51659706324833,-5.697995637919,34.35637811441892,12.914447193191037,19.655834356263483,2,1,48.9594255488906,65.28744141814781,74.06899951519335,43.826360815553855,26.187243993128195,23.27904110770355,14.786177868404591,COMPLETE
7,0.5,2026-05-10 19:07:06.892796,2026-05-10 19:07:06.894995,0 days 00:00:00.002199,16.01902741778435,41.024351533172336,-39.022098505303774,-33.11692203202119,-5.987790413765879,-44.869934394558555,41.11327212782417,-4.062827168553262,47.99703772444504,3,4,47.13450985316443,28.45395858983035,73.41409655678365,15.518395033207884,5.35877160858003,11.830153557212936,18.150672987135067,COMPLETE
8,0.5,2026-05-10 19:07:06.895015,2026-05-10 19:07:06.897187,0 days 00:00:00.002172,8.491266865799723,79.91351435006987,-35.8065336333725,-1.080614290916408,-26.44035576906387,-15.760489744666181,81.86026956883343,1.2236511628742939,17.222832698492404,2,3,18.16867299388933,32.10612664185266,25.55803910315027,75.13638909991792,20.85757000946181,10.575023186061731,4.323134884310622,COMPLETE
9,0.5,2026-05-10 19:07:06.897208,2026-05-10 19:07:06.899383,0 days 00:00:00.002175,22.966646482121305,47.71396684617181,-11.309269180897147,-16.933554203103945,-6.92588111833664,-27.81213311039728,63.35821333146209,-1.4420724429119431,42.53103397036409,3,1,28.15573478827027,56.108512420974414,48.220396424844616,47.74260958562053,10.441135835770458,29.72305573176257,17.692683511599245,COMPLETE
10,0.5,2026-05-10 19:07:06.899403,2026-05-10 19:07:06.917265,0 days 00:00:00.017862,-1.2616498896073693,22.196395990588424,-33.35525774018827,-39.62963047161118,-49.15738823015124,-38.96192634781267,90.87410518533387,-17.475447520651954,5.976366365815672,1,2,25.863079726456522,99.49103170259264,37.29655407588481,99.25519440283256,13.625077853903246,6.651291599310452,6.284133131187524,COMPLETE
11,0.5,2026-05-10 19:07:06.917299,2026-05-10 19:07:06.931458,0 days 00:00:00.014159,29.459175625948255,23.340590591431997,-0.6073311303120104,-23.669493848342974,-0.07651399667382819,-18.531335668288364,53.4241750057802,-12.647894883220674,33.0299533387432,1,4,22.823023562736825,10.106321055614352,23.124293398969034,60.79806466977468,15.28537986237217,22.5012880060858,9.19517927444794,COMPLETE
12,0.5,2026-05-10 19:07:06.931491,2026-05-10 19:07:06.946064,0 days 00:00:00.014573,-9.850770385876292,33.00799042109734,-16.8798989823914,-11.01222146824903,-17.01076224879175,-0.00976814096075529,74.24618119760005,-8.27441310298433,30.309565993306443,2,3,34.48311067801237,70.81743221969933,35.653752008304004,63.63137956698284,28.114996458176233,24.461272609985226,12.368418500088932,COMPLETE
13,0.5,2026-05-10 19:07:06.946098,2026-05-10 19:07:06.960263,0 days 00:00:00.014165,13.875124431196909,34.554551896186126,-48.06455463396462,-23.543616783757557,-15.11566003437347,-23.20511073713515,56.15392548630875,-19.80283607120394,36.39676371863832,1,2,42.72120314465654,43.830553376012816,20.47035854879876,31.774817458261218,18.506001782804525,14.75506751262733,7.331719242738632,COMPLETE
14,0.5,2026-05-10 19:07:06.960297,2026-05-10 19:07:06.974392,0 days 00:00:00.014095,29.477960091659202,28.79644498204296,-28.125181201776353,-24.094750322069515,-9.352227526450369,-37.769977603344984,79.57782546915925,19.374665737394714,23.835174952907977,2,3,11.336725249644612,26.59033981153649,60.75497052784536,79.24920156047484,12.08889478982203,20.022252337309286,3.145200231299958,COMPLETE
15,0.5,2026-05-10 19:07:06.974423,2026-05-10 19:07:06.988807,0 days 00:00:00.014384,9.741770029296175,40.76942342191229,-18.608895887793945,-9.750027327506267,-0.7310342527801685,-38.30661392906844,94.16605104335788,-10.117616037139637,12.475511238653123,1,2,31.636271435258124,46.39437053396718,33.50558855305888,52.4056008244378,17.01267575764804,26.216691437955085,13.371561960330169,COMPLETE
16,0.5,2026-05-10 19:07:06.988839,2026-05-10 19:07:07.002905,0 days 00:00:00.014066,16.012039091220338,20.16150510001985,-10.062628846642557,-19.56404268218241,-20.16626737956697,-21.645580264451056,55.872359524233225,-13.954672902190751,26.590519376203662,2,4,21.344054199145674,99.33818685605256,30.21336442517302,30.940029277667197,24.84836886986129,15.309604052438765,16.054699126062914,COMPLETE
17,0.5,2026-05-10 19:07:07.002937,2026-05-10 19:07:07.017008,0 days 00:00:00.014071,29.077153257059948,29.535314676574096,-0.7251897935910385,-27.669968591446946,-44.57658606740728,-11.579230175154297,68.93003168123681,-6.3548253752801145,35.91495518008429,3,2,43.61514271041658,81.66200616909174,41.03002705301842,65.13040010775104,19.290447094359095,20.947384081776697,11.756423123691558,COMPLETE
18,0.5,2026-05-10 19:07:07.017040,2026-05-10 19:07:07.031549,0 days 00:00:00.014509,26.277702194033573,39.74162899833793,-28.87399555392678,-39.18638551864011,-19.35450748126886,-4.117652802120091,82.58763433180911,5.54659033803068,11.896257791261103,1,3,31.178712286698595,59.89219514811504,59.06921045823568,84.08026296763344,10.015861235990542,5.467785806620871,8.429310359136643,COMPLETE
19,0.5,2026-05-10 19:07:07.031581,2026-05-10 19:07:07.045877,0 days 00:00:00.014296,19.665055817893588,27.09160417466747,-13.53611472312415,-11.754436027437999,-10.70596023898333,-33.30839379766649,99.93140024866733,-13.044500258249311,24.970800911936102,2,4,24.40785444489096,36.80185220490567,20.0348924416868,39.96636826292719,15.708087714090368,29.860033757210978,15.970326507375667,COMPLETE
20,0.5,2026-05-10 19:07:07.045910,2026-05-10 19:07:07.059944,0 days 00:00:00.014034,4.605995139852479,48.376743616915974,-18.085371547735058,-27.8307696676152,-5.051899037128486,-42.76973852216184,61.90025880121658,-4.823189658208409,40.42959767656467,2,1,10.299963334342216,20.687968397904072,30.216819791463525,56.837917809009134,24.090374215922633,25.43507029346394,5.323716043584166,COMPLETE
21,0.5,2026-05-10 19:07:07.059976,2026-05-10 19:07:07.074640,0 days 00:00:00.014664,24.841794594491233,65.4139065106447,-7.194090513285146,-35.836453810279686,-12.4437909448861,-7.138761051684801,69.96751339550481,5.077496118154743,30.085220419418043,2,2,16.878769974161685,90.4013504184516,66.38724096929407,68.18373821769785,22.576899892149797,10.533813020110195,10.782207984016356,COMPLETE
22,0.5,2026-05-10 19:07:07.074677,2026-05-10 19:07:07.096248,0 days 00:00:00.021571,22.18630451477196,62.94297435861584,-6.027894350842434,-31.917393985988614,-12.996746459476938,-12.733295387840178,75.35215539924177,6.471118736847913,14.941189036529444,2,2,15.322497621332378,86.39940468646297,54.00670818746429,73.46899896860975,20.043328867252416,13.874074749947992,19.521697434614794,COMPLETE
23,0.5,2026-05-10 19:07:07.096287,2026-05-10 19:07:07.113651,0 days 00:00:00.017364,17.485384515131294,65.54120999088722,-8.845846681416358,-18.938889537189905,-20.718834478025716,-1.883081491053085,49.94529093260931,15.028072919591235,5.898154340334063,2,3,13.298224891622375,90.16552238462215,41.41449465840874,57.49793831752275,27.412439290232957,8.197440423092743,16.71729284699491,COMPLETE
24,0.5,2026-05-10 19:07:07.113690,2026-05-10 19:07:07.133306,0 days 00:00:00.019616,12.96808941356256,34.299351363903945,-14.368455785251491,-36.462976370134996,-3.203977134221123,-9.469742418698047,69.14848636126644,3.5228291588126055,37.18224530059084,2,1,18.837872127833933,72.67862555126483,28.290884439261852,83.42696366129894,29.90074252807905,16.147610983609695,8.330791732072859,COMPLETE
25,0.5,2026-05-10 19:07:07.133376,2026-05-10 19:07:07.153034,0 days 00:00:00.019658,25.87927484358415,57.70581403878233,-3.544941728205221,-25.077501862057957,-14.933419788190863,-16.375256521987815,59.073764158913136,8.786269370011432,21.212980405471065,2,2,20.152028978012503,95.29525550919008,46.85641766206905,71.27854685289083,22.92162306021572,12.117173897979082,13.062182701894404,COMPLETE
26,0.5,2026-05-10 19:07:07.153092,2026-05-10 19:07:07.172947,0 days 00:00:00.019855,26.81272196438163,44.620587369646586,-21.72493119874307,-30.482675577648198,-9.712818648687614,-8.414223939712208,87.17644734758343,-8.367236428737488,45.55428668438098,3,3,10.187434377165747,78.36827642455646,32.77943390732462,37.68531544184235,17.215061767181947,8.629582822436518,15.135116113601299,COMPLETE
27,0.5,2026-05-10 19:07:07.173006,2026-05-10 19:07:07.193976,0 days 00:00:00.020970,18.91778509653653,25.237953427544348,-10.892880690165235,-36.479692753445406,-34.3565706968661,-3.50019834776912,74.77366359408789,-3.6605351880583226,30.31306808768639,1,2,27.559437838770716,87.42680056322729,78.7517910239865,54.50791292678724,20.829459689664777,19.868501792859096,18.058462765372774,COMPLETE
28,0.5,2026-05-10 19:07:07.194015,2026-05-10 19:07:07.217237,0 days 00:00:00.023222,22.762741423502625,31.433228777366338,-3.353672100602072,-22.025799211467476,-7.715632518365271,-19.917012202322447,68.45105429109883,-16.458431665620104,40.01855741893385,2,1,37.81355921566851,49.552386591641884,38.567239723288814,49.910301341965294,13.604476729173175,17.032435976984285,9.864072316473234,COMPLETE
29,0.5,2026-05-10 19:07:07.217298,2026-05-10 19:07:07.237512,0 days 00:00:00.020214,27.373300491871184,54.270677242250215,-25.107519773197975,-27.015958474973683,-17.5987612936064,-25.488182314812697,64.05634976360096,8.660613471852065,10.086905619013908,2,1,34.54748817822938,77.94304219074272,50.58170469111946,88.98400356176998,7.736126567775003,27.057540378258626,6.711329047179125,COMPLETE
30,0.5,2026-05-10 19:07:07.237565,2026-05-10 19:07:07.258633,0 days 00:00:00.021068,12.798294017831662,59.73039462500721,-16.021672456654557,-14.739825357227835,-3.236818559205666,-31.906696088036743,47.40060332690224,12.188649227913368,45.359127841803044,3,2,13.098580080982856,36.864581229911764,24.775241927660378,62.02397874859005,24.139916645052345,13.444045062919141,10.918977529380987,COMPLETE
31,0.5,2026-05-10 19:07:07.258687,2026-05-10 19:07:07.277093,0 days 00:00:00.018406,23.949874610932607,71.43125199609683,-21.078386732930298,-30.28231962335228,-31.495633740536366,-33.41718992475501,59.09380273806495,16.958970861117386,49.41362742138614,3,1,45.10955797237652,94.58549253332131,51.61505159267819,22.621823591770465,8.077753743335627,27.972311066657017,9.724457436438236,COMPLETE
32,0.5,2026-05-10 19:07:07.277133,2026-05-10 19:07:07.294631,0 days 00:00:00.017498,21.629528910200364,53.742489316473886,-26.547745175751228,-34.33099304483551,-24.622028319939254,-48.34791005259976,51.94683910576659,1.4307162718025548,44.473070860748756,3,1,39.58905631400299,85.3248069277333,58.489632734008765,45.91211790748226,9.556438900870496,28.12847648879472,13.961101450312347,COMPLETE
33,0.5,2026-05-10 19:07:07.294672,2026-05-10 19:07:07.311933,0 days 00:00:00.017261,24.976857064693775,70.75100245325416,-13.35727397126542,-21.3577792545081,-28.829324653206978,-28.777970535252887,41.880159629441,9.593117388203401,47.3176765020007,2,1,36.72358685352695,66.50882249510863,65.30307014657335,38.5405240512213,5.01337183098988,18.130946980682616,11.776167312876197,COMPLETE
34,0.5,2026-05-10 19:07:07.311970,2026-05-10 19:07:07.329505,0 days 00:00:00.017535,19.75912696430257,36.634843618980334,-7.255233748864886,-29.212147907091342,-22.41771975629117,-35.75543727015366,66.0853023737796,12.288189500148873,21.704454707883816,3,1,48.527451991060374,93.63836136746207,44.223840085207826,43.60139147876711,6.803144546943318,22.537054485238993,19.98732331142945,COMPLETE
35,0.5,2026-05-10 19:07:07.329543,2026-05-10 19:07:07.346043,0 days 00:00:00.016500,27.04177118729055,51.950305599729305,-20.16998300080118,-26.06825336538033,-41.10214271678083,-26.19948432219626,72.7107852263001,-1.3076859816710797,18.231456728424753,2,3,15.232368854263566,74.11992202462227,54.13636214342844,67.92896161228353,21.572570912503895,24.770054797491767,14.936288263629361,COMPLETE
36,0.5,2026-05-10 19:07:07.346078,2026-05-10 19:07:07.362055,0 days 00:00:00.015977,17.057699921129934,76.77041809169266,-22.898731287690754,-6.6391992169802005,-38.42309364088969,-43.37784760234391,33.30122080627744,2.0637956769578016,40.76259628710842,3,1,41.802387604591694,62.54240609532613,68.65887543201478,59.11381444027724,6.221459516679943,23.72873100427031,7.975990115863529,COMPLETE
37,0.5,2026-05-10 19:07:07.362092,2026-05-10 19:07:07.377726,0 days 00:00:00.015634,6.981659701693699,45.82765937708196,-32.22818881730026,-33.568953484882464,-28.16533828698223,-36.0585895457739,78.20402724269843,10.258526386303632,42.618809866920046,2,1,49.24453443896627,82.32610827265322,44.348534103853424,12.55090044525852,8.727540753858953,27.68547330706533,10.316140990113135,COMPLETE
38,0.5,2026-05-10 19:07:07.377758,2026-05-10 19:07:07.393334,0 days 00:00:00.015576,-1.3548992023431303,58.69008741970314,-12.103810631957172,-16.975799007666957,-30.920874576124362,-41.25498074156894,59.99904293709581,14.202802802304134,33.39582109150836,2,2,46.679022921013555,52.653814095937356,23.306677619643857,50.19688020917663,18.813636371598154,20.758133507067402,2.105872834438082,COMPLETE
39,0.5,2026-05-10 19:07:07.393371,2026-05-10 19:07:07.409011,0 days 00:00:00.015640,29.75097259161132,67.94223947931692,-39.91758976363277,-32.02027948822988,-23.467232683666747,-29.824846892149345,44.072480694159125,-2.8183723277414523,49.747754208660844,3,3,33.204816713338204,98.85754630115783,54.728898791639374,78.87526341901592,12.148028539726795,28.971738186333802,6.0384477016902345,COMPLETE
40,0.5,2026-05-10 19:07:07.409046,2026-05-10 19:07:07.424812,0 days 00:00:00.015766,21.549115723693703,56.75085343541988,-15.700510468448826,-29.21335578477028,-13.9988884515987,-46.11450626455928,64.75512386750988,0.043346043934645806,38.194083649514596,1,1,28.36142866288596,92.0348712724031,27.723651783120346,43.0988931155991,11.44417876083076,10.369130340623403,17.329528760909852,COMPLETE
41,0.5,2026-05-10 19:07:07.424845,2026-05-10 19:07:07.440254,0 days 00:00:00.015409,24.097929002531895,62.413609366671736,-5.119649152434709,-1.2308019192414172,-26.370316230369387,-40.45913147043449,36.841554484951025,7.612594369788925,43.38324663615622,3,1,12.989387646827474,10.529633186341957,47.27692018219243,24.970662041378272,21.573024372813762,16.65794340747913,14.34094357008346,COMPLETE
42,0.5,2026-05-10 19:07:07.440287,2026-05-10 19:07:07.455681,0 days 00:00:00.015394,27.94367391473894,76.4306876892687,-8.383712164629317,-4.340513178668508,-33.32993003218924,-49.64341732133487,48.47413576171439,3.9375856019416924,47.946253085216725,3,1,16.8443493197698,17.222840830475693,61.6801691425149,18.235250757472585,26.109756120067406,18.491509882909327,12.534524544607681,COMPLETE
43,0.5,2026-05-10 19:07:07.455717,2026-05-10 19:07:07.471600,0 days 00:00:00.015883,15.110177340245416,78.97937315148103,-3.73868170437479,-38.31937120639549,-17.783762004756532,-0.1469019115164798,55.03258670698788,-0.15373206805259182,45.6370363656346,3,1,23.614898568509844,14.467790313585407,35.980350794801126,32.46517661134869,22.634256668201083,22.209823507742836,9.15976976711657,COMPLETE
44,0.5,2026-05-10 19:07:07.471632,2026-05-10 19:07:07.486810,0 days 00:00:00.015178,20.73996149533995,73.88972127999637,-1.2285611381394532,-14.189008017390886,-8.314773398163528,-13.409878999800044,72.36038649603901,-6.430364274789086,47.63654990007106,2,3,14.670480579500063,27.25840908620909,22.638370307243314,53.752751784827076,16.329257703496896,19.636833816726146,13.461638623026259,COMPLETE
45,0.5,2026-05-10 19:07:07.486841,2026-05-10 19:07:07.502319,0 days 00:00:00.015478,18.14769262518647,22.936960244319586,-10.261797727080992,-8.315698606549718,-37.736614501948516,-46.220681764706995,66.12443363347667,-8.823006996561237,16.755722502220507,3,2,19.898954691983697,22.67785640259857,43.68510736143849,34.45151094175212,14.218141206551548,12.960965435086962,18.66574338004783,COMPLETE
46,0.5,2026-05-10 19:07:07.502351,2026-05-10 19:07:07.517781,0 days 00:00:00.015430,-7.429543447418105,67.62327685237875,-49.275592823857025,-3.534012381833229,-11.539852369435128,-5.907344565223995,61.4315118176297,-10.760849444455852,33.771117291637175,2,4,21.72153507739046,30.699707120689922,40.04332692146737,27.996425442751285,18.51788751484977,14.8662825557779,11.569537571590088,COMPLETE
47,0.5,2026-05-10 19:07:07.517812,2026-05-10 19:07:07.533496,0 days 00:00:00.015684,23.18431583805316,43.56151986744184,-18.888585191223015,-34.42930260114771,-5.132781414795131,-23.01926463663792,45.2327927197456,10.831052753868553,23.526884047654008,2,1,11.982400835996735,39.78340064072744,57.6613110264882,65.43760553686162,19.825095124775768,26.214533599304662,15.576636805085014,COMPLETE
48,0.5,2026-05-10 19:07:07.533536,2026-05-10 19:07:07.549013,0 days 00:00:00.015477,11.030126528389838,37.85611365239805,-12.135018292058671,-12.937943903792855,-15.857864354913254,-15.941260722170242,56.8890458207344,17.316724509786642,28.671734327605304,2,2,16.760489673043963,18.32503691522588,32.727708533551315,77.37191093816536,17.981868321701292,15.532353630316916,16.620826960462768,COMPLETE
49,0.5,2026-05-10 19:07:07.549045,2026-05-10 19:07:07.564355,0 days 00:00:00.015310,29.978300441918098,73.48508888343612,-40.79711681212954,-16.435272693836243,-2.362841054077241,-31.58725207511523,51.90955801957628,-15.175105219869403,40.86565981241532,1,2,39.9617443306226,67.89631634350494,55.949282490777236,61.009126421664874,6.182405675207486,17.8268215915623,7.410025760860629,COMPLETE
50,0.5,2026-05-10 19:07:07.564387,2026-05-10 19:07:07.579859,0 days 00:00:00.015472,25.357775792211292,50.54531823027371,-5.50973712486679,-23.59698011375292,-21.1064443413131,-36.827116038142876,83.85930181565512,-5.593104142099226,26.351840642063586,3,3,26.316537734717425,23.114354986532103,48.993660201876196,47.65129715191709,23.66049231010529,21.258621203552085,9.090077658607239,COMPLETE
51,0.5,2026-05-10 19:07:07.579892,2026-05-10 19:07:07.595986,0 days 00:00:00.016094,2.490880179924809,62.55099650506472,-9.401593124487587,-32.21503370909526,-27.43753235338447,-28.077871418483742,38.97481716411496,-2.4286957204702126,19.4815973730709,2,3,43.74898350718161,43.226836430063855,26.744380809547945,91.84078875264197,7.223292685376258,19.239924783336583,18.942747996159845,COMPLETE
52,0.5,2026-05-10 19:07:07.596018,2026-05-10 19:07:07.611568,0 days 00:00:00.015550,-2.731715015176775,54.60245981585375,-15.18192012666195,-30.48205667612457,-25.165115939689063,-35.17709581622516,36.60952261333713,3.1566823538062714,15.454265232426405,2,3,35.92131886257551,33.73681541777066,30.568795871540644,99.39900979824765,8.747106505946778,23.656431041730208,17.309844353769552,COMPLETE
53,0.5,2026-05-10 19:07:07.611599,2026-05-10 19:07:07.627446,0 days 00:00:00.015847,2.045408255107767,20.746544069056412,-29.99922022046899,-35.674293569800426,-6.857071723294788,-38.9689629796325,43.31833535852169,6.116121184619648,21.43622520474328,2,3,32.00298056596102,99.86390336378278,20.908744230454907,83.94702762544364,25.844933413536385,18.840855360769684,19.239065428123258,COMPLETE
54,0.5,2026-05-10 19:07:07.627478,2026-05-10 19:07:07.643914,0 days 00:00:00.016436,6.969569923299528,49.28522608356021,-17.444903344504684,-28.530171733925066,-29.47657416347741,-31.344505219299485,78.37074281942344,-11.923694543331644,9.237668682079164,2,4,40.99239961391659,56.02365394765246,25.170152347632815,94.64572838936519,5.803115532461406,11.622797118749652,18.017723801523868,COMPLETE
55,0.5,2026-05-10 19:07:07.643949,2026-05-10 19:07:07.660627,0 days 00:00:00.016678,-4.955192403835324,42.35890692425056,-37.0783478320614,-37.52242154391899,-19.644156130091098,-33.76545921457478,71.44121762835645,-18.90479394367328,14.328277206526634,2,3,11.152549353497594,46.096762103414974,29.191265908568074,71.34709888487295,20.86848597276422,14.255126056500405,18.499865968139204,COMPLETE
56,0.5,2026-05-10 19:07:07.660660,2026-05-10 19:07:07.676644,0 days 00:00:00.015984,28.169625800533684,28.194768957570904,-1.5055730801114589,-25.3862839453435,-48.50042314635511,-18.542544776320966,30.19230126843999,-4.415765854791728,23.065349125451817,2,1,38.59514160041827,96.5702946957586,22.434357579165823,87.24272197453298,10.906031822551597,17.086659682198828,4.453783611304043,COMPLETE
57,0.5,2026-05-10 19:07:07.676676,2026-05-10 19:07:07.692816,0 days 00:00:00.016140,20.356684248015032,46.87960462880784,-7.2070369551832245,-33.03101341899486,-10.932139027527583,-10.41291283293701,67.37438823694465,-6.570110850162749,18.982104807785493,2,3,46.094121268298196,60.10986676013262,34.99370227779812,95.3089095662713,21.58554544175545,15.915619588259098,11.831524243347538,COMPLETE
58,0.5,2026-05-10 19:07:07.692850,2026-05-10 19:07:07.708988,0 days 00:00:00.016138,14.894457683335594,25.85074664140442,-12.815577065131626,-21.791974662288016,-22.10226511511753,-3.6270775856906106,62.030137402887284,-1.2377058053787278,35.28446382934756,2,1,30.720409809138737,89.47473625601785,52.04270407986306,57.17735446486423,9.329568525483182,9.090028507057324,16.667424581911582,COMPLETE
59,0.5,2026-05-10 19:07:07.709020,2026-05-10 19:07:07.725066,0 days 00:00:00.016046,22.73726870078627,67.85938357558652,-8.685720430601789,-30.91962655923755,-36.3168177065464,-22.52691402752204,76.04058511918738,6.824521589719939,49.94661146799096,2,3,29.03596756872315,30.43890856649022,62.02693963119043,75.16853153398306,19.71485728717511,6.259973578794215,12.975603545546615,COMPLETE
60,0.5,2026-05-10 19:07:07.725099,2026-05-10 19:07:07.741068,0 days 00:00:00.015969,16.61791760853792,32.707910409799084,-23.740123867946547,-39.858848411108646,-31.983917025753442,-29.984232763129985,40.27417773576668,5.05022470653971,25.87433184160072,1,2,43.760778174814014,83.3976716308393,25.862818471433897,51.347081133771724,6.83747370357622,25.41775138864671,13.943991307987428,COMPLETE
61,0.5,2026-05-10 19:07:07.741100,2026-05-10 19:07:07.757228,0 days 00:00:00.016128,18.58316495051473,71.53868179068584,-25.966807613102002,-19.628328144688492,-34.9721391166661,-7.42576266286614,35.41463636780351,13.743620776164027,17.105013184783527,2,1,48.65169004398144,77.9323960269851,73.96181494365955,42.59276364763286,28.188016500533827,26.543162986069667,15.131811606485314,COMPLETE
62,0.5,2026-05-10 19:07:07.757262,2026-05-10 19:07:07.773539,0 days 00:00:00.016277,23.892012881064872,79.05942731059682,-19.260988355605406,-16.091230160150868,-41.25340357964901,-5.518804249811789,30.019488544402193,15.817948389156246,28.07200503708338,2,1,49.82019422164643,74.76013417505823,72.04980670820358,36.717176981106405,24.95956444879768,28.89927669763871,19.579642681050924,COMPLETE
63,0.5,2026-05-10 19:07:07.773592,2026-05-10 19:07:07.789496,0 days 00:00:00.015904,26.041132105919623,64.231690636101,-17.217247960313713,-17.74836707194803,-30.223219869666117,-1.666352943599831,33.011836969621186,12.2953771251,45.95637951049747,3,1,47.911392103793006,50.56112057687062,79.97628224629392,47.753464937444576,27.382434518041503,23.92875711117777,16.15943303178118,COMPLETE
64,0.5,2026-05-10 19:07:07.789527,2026-05-10 19:07:07.806219,0 days 00:00:00.016692,21.230411924939183,56.08916002158306,-14.303568966069179,-27.124120919258615,-25.46362081466887,-25.39183273768386,39.11914280139483,19.739934978705413,12.857343089925209,2,1,14.23284871713573,63.38559083221092,63.891570619258516,64.91185472397248,20.64708627315916,21.269046826045496,10.125029401427385,COMPLETE
65,0.5,2026-05-10 19:07:07.806252,2026-05-10 19:07:07.822313,0 days 00:00:00.016061,19.44250792237237,60.513391372479944,-21.550499597127935,-11.291895805693702,-0.033004348378893766,-4.974281578610358,57.476426333603065,2.456850303970049,20.54848372051396,1,2,18.49882765591029,69.8388816485995,20.0168953476098,40.983905678810316,29.878815906210324,22.54208746809014,14.329636458411128,COMPLETE
66,0.5,2026-05-10 19:07:07.822346,2026-05-10 19:07:07.838721,0 days 00:00:00.016375,28.170591909213144,69.9161974931474,-11.473038030409992,-20.62823847751899,-32.448287110703475,-1.4451644092647555,46.84150278951273,4.45950482150995,43.832043510650486,2,1,46.294950806187785,88.1092341129644,37.340840356419285,54.38817107946338,23.406580631023736,20.347880832718598,8.478613792194992,COMPLETE
67,0.5,2026-05-10 19:07:07.838754,2026-05-10 19:07:07.854956,0 days 00:00:00.016202,11.836783004089746,74.26787227612131,-2.882895314450927,-18.712524563416743,-13.649529386934935,-14.167297075181253,69.17471136418787,8.25571442703599,31.714501089094114,3,1,45.571722053142636,36.16325704306624,76.3515643046972,45.95868651986869,24.876899229515708,25.395010358824045,11.184521667697236,COMPLETE
68,0.5,2026-05-10 19:07:07.854989,2026-05-10 19:07:07.871188,0 days 00:00:00.016199,9.586682786257388,30.584205929791395,-27.446813210116268,-35.31843773638551,-23.81407231094059,-26.74147518541448,63.42154110038346,0.7132673333756108,24.533632152106343,2,2,34.261128898344055,39.81326801592169,69.64518644727666,19.66720529622168,5.0907533058272145,27.033135109736467,12.335750358916963,COMPLETE
69,0.5,2026-05-10 19:07:07.871220,2026-05-10 19:07:07.887314,0 days 00:00:00.016094,22.093745746854843,52.27687826574379,-23.632087694806227,-22.782096367430977,-9.353169156455913,-9.88398799402964,54.60723687920882,10.840825135542234,48.613858159376576,3,1,47.347370265199025,79.78569559298091,31.534063956039745,81.03313609597785,7.39812958245318,17.689341542986003,17.357918095436094,COMPLETE
70,0.5,2026-05-10 19:07:07.887345,2026-05-10 19:07:07.903688,0 days 00:00:00.016343,24.300843413264978,66.70426795696514,-10.363182753616051,-26.30207737283877,-15.996548311768702,-43.880927060309766,60.139015805551935,-3.1171431897141124,38.67315342736733,2,3,42.39056911284788,85.91456207429445,43.10921373684029,58.410433548848225,22.249580102760866,16.335585954324273,10.600209816510327,COMPLETE
71,0.5,2026-05-10 19:07:07.903719,2026-05-10 19:07:07.920371,0 days 00:00:00.016652,13.618787556551958,41.19579586844603,-46.71881200548204,-33.09778408077612,-6.372093117992302,-46.51821301209027,42.155978267944,-9.65853349564241,46.63385100114418,3,4,49.706488697043056,25.269667933394878,72.51676228263193,28.715576548876953,8.329668347883967,11.83013904594703,18.24206708416193,COMPLETE
72,0.5,2026-05-10 19:07:07.920403,2026-05-10 19:07:07.937605,0 days 00:00:00.017202,15.611708469885127,36.28403064960691,-33.859709063508625,-8.9110830845756,-5.189362932013613,-44.6092227327507,32.916473417788865,-2.0035416049642496,42.45097666910969,3,4,44.83675320704086,13.069407512659982,74.41923713034687,10.101693549232014,6.062572174324673,12.538255526403557,19.476774034833674,COMPLETE
73,0.5,2026-05-10 19:07:07.937638,2026-05-10 19:07:07.955375,0 days 00:00:00.017737,17.177088807782447,76.09566645107246,-6.505926533728388,-0.015304581008777074,-3.8994131575325697,-40.42714956735113,49.47438152752395,-0.5760156092358701,48.69235650153056,3,4,47.76247327784262,19.90292943042374,68.04972664249246,35.977520741691826,9.979130146405428,13.679497145516557,19.839775760390886,COMPLETE
74,0.5,2026-05-10 19:07:07.955409,2026-05-10 19:07:07.972142,0 days 00:00:00.016733,20.367899910716034,39.973721653095666,-20.519454144869947,-31.599609103298235,-27.294233148533827,-48.789025977071574,45.95645690501739,-7.580596917540239,44.63787701740806,2,4,10.102841171177106,92.39411802637363,24.071045699419887,15.545521610135674,5.563163955460905,10.066540233382286,15.62184258046149,COMPLETE
75,0.5,2026-05-10 19:07:07.972174,2026-05-10 19:07:07.988765,0 days 00:00:00.016591,18.272810411409285,24.864837117285436,-28.915986327395597,-28.233181076265218,-12.108753524166044,-41.78085681936289,38.07811330928481,-7.275231701364616,22.319819146648204,3,1,11.804600340107392,97.44069446926721,75.88271040614168,21.10278675432628,19.05788379864642,7.666016122309115,9.613585216205312,COMPLETE
76,0.5,2026-05-10 19:07:07.988796,2026-05-10 19:07:08.005557,0 days 00:00:00.016761,23.101909495144234,47.931274221870154,-4.518242847149658,-29.586020446792745,-1.9806852742558565,-34.124225694273505,40.854592679534264,-13.831269323739766,46.8287789413515,2,1,44.66243738600971,28.30250857592978,51.51704441967307,67.37661352225106,17.760242621211596,28.605598542472364,17.675897373877536,COMPLETE
77,0.5,2026-05-10 19:07:08.005589,2026-05-10 19:07:08.022138,0 days 00:00:00.016549,25.856151862938923,69.94565463666716,-44.03500631731361,-34.6826255011899,-17.90951937673325,-39.257736281896115,51.27464487975804,-4.542233897329859,41.79931668379134,3,2,16.028268293926786,33.17253730210844,27.483952474762106,24.909351250876824,6.743208772001035,15.190780580049829,18.88162753239229,COMPLETE
78,0.5,2026-05-10 19:07:08.022171,2026-05-10 19:07:08.041320,0 days 00:00:00.019149,19.351566702550578,51.38963215889704,-7.980971194515941,-36.64338670616751,-8.529945171856248,-37.01910373510872,70.83590622520538,13.37625982853511,18.01315648781241,2,4,36.566550198058444,15.263818619646758,46.821094371929654,16.970389795819273,13.071104984934387,29.87297195272849,14.798855763875315,COMPLETE
79,0.5,2026-05-10 19:07:08.041354,2026-05-10 19:07:08.060103,0 days 00:00:00.018749,21.795137473007284,34.6232259371088,-14.134334298823246,-24.185114877919762,-10.231218762376246,-2.881890122669188,66.94848327361309,9.824680492676956,20.02760148896593,2,1,13.708088463386554,41.05705377906678,45.83575717732559,52.00160698795606,16.29156831526344,21.93037449333034,13.50670609625322,COMPLETE
80,0.5,2026-05-10 19:07:08.060139,2026-05-10 19:07:08.079679,0 days 00:00:00.019540,26.626152777355617,38.23023583964161,-16.50145121474592,-33.67639734145737,-39.21934073539319,-47.123645497219975,73.44514810709153,18.351662017245452,15.910065616479129,3,2,24.911790638171084,24.39441134495489,21.472806325080835,13.271349306374713,20.3785372038964,23.093820408270442,7.411843833634935,COMPLETE
81,0.5,2026-05-10 19:07:08.079719,2026-05-10 19:07:08.099161,0 days 00:00:00.019442,8.764644800123014,79.72241725523406,-37.7205814750537,-2.6123762327949143,-28.72949982876342,-8.17411059143342,91.46960445939149,0.9789870498144859,14.440150415766883,2,3,18.08575642313052,29.040045573824315,41.442867680976725,71.24158483982106,22.205099114844966,11.149113763718985,4.252544754819205,COMPLETE
82,0.5,2026-05-10 19:07:08.099195,2026-05-10 19:07:08.119218,0 days 00:00:00.020023,3.545615906848493,77.17894075711199,-42.88923836510956,-2.1094221190856834,-23.36334713358382,-15.186347742501471,82.30651964291461,-3.3915880421546736,8.205545242997008,2,3,13.206808583153013,21.306586480972456,24.22990316621608,86.9832911169785,21.311999741515706,10.92416860168252,3.2264330209097487,COMPLETE
83,0.5,2026-05-10 19:07:08.119256,2026-05-10 19:07:08.138247,0 days 00:00:00.018991,5.519241338766655,72.22796843654444,-33.71689187404017,-5.04511977366096,-34.025596491618614,-19.31327661860973,84.85403418381958,1.9639586084791736,17.787923096465107,2,3,15.697925132139208,33.58270341703796,28.447831577463845,61.13189843036476,7.769424960491419,9.416860817379696,5.967766350263149,COMPLETE
84,0.5,2026-05-10 19:07:08.138281,2026-05-10 19:07:08.157057,0 days 00:00:00.018776,28.9074718639583,60.93880136995842,-31.523431909385387,-14.836639995919288,-26.75307642285326,-11.817536485962957,80.34172291083807,-1.497639903252252,11.315419546445248,2,3,12.417749012043393,36.24194741851226,48.81479088599422,55.90217122164815,15.195006700973419,18.57721704468231,12.358356781547322,COMPLETE
85,0.5,2026-05-10 19:07:08.157096,2026-05-10 19:07:08.176234,0 days 00:00:00.019138,14.52606369391886,78.16569231250539,-35.32449031765579,-6.530709724378365,-21.36893989211905,-6.579234850817145,34.334146235709596,-5.04605500832057,48.57390980037071,2,3,48.777715762763016,46.6697876533746,22.69696135717085,63.00523409561527,23.123995912768354,14.394144444144324,16.10534461464859,COMPLETE
86,0.5,2026-05-10 19:07:08.176272,2026-05-10 19:07:08.195089,0 days 00:00:00.018817,24.801593623782576,75.12896769573993,-9.620069899805113,-12.409848654038623,-30.051058684967437,-20.581428801528283,89.07571949374689,0.09338945030569934,13.719407640234174,2,1,17.80551426183604,65.00846509103198,56.88647599454681,31.880917136146667,19.642086603682408,13.123217428424532,8.712594884368684,COMPLETE
87,0.5,2026-05-10 19:07:08.195127,2026-05-10 19:07:08.214196,0 days 00:00:00.019069,0.8620957664565834,44.47122888934679,-22.73015935091533,-31.25757435841853,-18.765435243015666,-0.17341585203564858,76.35359745256886,11.45371098556361,19.079477936430266,2,3,40.9915257534358,60.575212982885944,59.4255454484212,48.89853139982142,5.44737346555893,24.589825970995584,7.89108160954175,COMPLETE
88,0.5,2026-05-10 19:07:08.214231,2026-05-10 19:07:08.232929,0 days 00:00:00.018698,0.20648272549802327,55.867795461889074,-39.67941810598683,-10.123113943323537,-36.66436217385912,-29.85401039057958,64.37602315660449,7.1603385574196,47.541490077661784,2,1,11.135432048462118,75.61116082004236,52.84034775833554,39.818066361064126,24.12666442997663,7.913637061002195,2.0482051788125952,COMPLETE
89,0.5,2026-05-10 19:07:08.232967,2026-05-10 19:07:08.252628,0 days 00:00:00.019661,17.580253376878883,57.690852316586756,-25.21874814008473,-1.0356843407592649,-25.54678139572238,-45.1318106052199,44.162488218647624,2.7033777169219904,29.382869567405233,2,3,15.079192215683024,53.50179691680651,26.790104794443277,45.469772146128726,6.537423042709141,16.9400996168135,5.287077157445135,COMPLETE
90,0.5,2026-05-10 19:07:08.252665,2026-05-10 19:07:08.272530,0 days 00:00:00.019865,19.928614404916996,69.20104692561578,-18.336456315580033,-32.60867999349965,-15.04421783827978,-47.70435932177912,62.09983773851091,9.081669513323044,44.71391398911068,3,4,47.52057372324523,71.54970171962711,70.29238305657888,75.07092325660138,18.466350936503986,19.347889969303317,16.88120999733833,COMPLETE
91,0.5,2026-05-10 19:07:08.272594,2026-05-10 19:07:08.296330,0 days 00:00:00.023736,16.273879879339592,47.0853517457433,-12.781398122705811,-17.329490914361433,-4.233315499502436,-32.61873350071974,53.37307514839506,-0.707781393264941,46.081411607180954,3,1,22.356695779100676,55.71485107552295,50.023026341772685,53.49265546447606,8.796108499636315,27.23127556563724,19.10960852649683,COMPLETE
92,0.5,2026-05-10 19:07:08.296383,2026-05-10 19:07:08.318652,0 days 00:00:00.022269,20.730992525273486,75.14019775130704,-11.078933593872048,-15.284660472229334,-6.7290562594725705,-28.790031897377197,57.30674721402458,15.00920592038127,43.295923002322844,3,1,32.63523553187683,84.15484871678956,45.39005987938021,80.43905592243112,7.233926717846613,29.30350036470349,18.392944317997813,COMPLETE
93,0.5,2026-05-10 19:07:08.318731,2026-05-10 19:07:08.341970,0 days 00:00:00.023239,23.445641502517653,73.06239027383296,-6.386585948689083,-18.43241269799969,-8.172521506268998,-27.218224199226416,97.31112385296706,-3.8185444706403104,16.41648262514902,3,1,38.391250738576474,57.462546913405006,34.0580825800303,44.879467031068934,10.873520692228833,26.316184332848625,12.79697178665639,COMPLETE
94,0.5,2026-05-10 19:07:08.342024,2026-05-10 19:07:08.364339,0 days 00:00:00.022315,22.85987334544283,52.915544637264354,-15.306413680559348,-20.20041201843039,-1.8064217856707048,-31.254602895874037,66.43082428318415,-2.246500394482057,39.53675693981515,3,1,19.89094907975089,43.05901373647847,48.97475261551499,96.65164718015234,22.061180316873337,28.290559853954107,17.960532943285727,COMPLETE
95,0.5,2026-05-10 19:07:08.364378,2026-05-10 19:07:08.385969,0 days 00:00:00.021591,22.18670579881828,45.83770834961473,-7.6241497446482045,-38.79341190968156,-6.0383122713534485,-24.33615404164082,68.03824812011709,3.892317019027666,21.96885146827576,2,2,35.61079074563067,49.63343261057451,42.502660593785954,34.35515546518243,17.01222918619277,25.76115698695409,6.59962452738743,COMPLETE
96,0.5,2026-05-10 19:07:08.386021,2026-05-10 19:07:08.411373,0 days 00:00:00.025352,8.072055091562923,42.39643291480586,-11.930907504198037,-29.698826143284442,-7.461692801151742,-24.28965916516503,63.08900073868509,0.5694256805684161,20.919414565879475,3,1,26.35455227078759,31.42230291893693,38.32959076275919,49.94700261244602,26.8131179457813,29.434675414553016,15.546451569831424,COMPLETE
97,0.5,2026-05-10 19:07:08.411439,2026-05-10 19:07:08.434645,0 days 00:00:00.023206,25.24204112292931,49.36787290713163,-37.95085531713883,-5.966633390569269,-31.33681131924574,-35.06922653727089,37.37930361905912,-11.633896395992949,25.314036779505024,2,1,30.39606484502609,81.53196247152381,25.78330089465761,59.72509438581439,7.955508311381243,27.59641982558029,19.99836211391925,COMPLETE
98,0.5,2026-05-10 19:07:08.434687,2026-05-10 19:07:08.458936,0 days 00:00:00.024249,18.885420964451026,64.13022574898469,-2.4550358679432485,-3.408195454824586,-13.071554284136703,-17.346189402223356,61.16115087255769,5.689198983923949,26.908147810434627,2,2,20.673757220807815,58.44185948499017,66.60753869464514,24.790000440464247,28.687202524818634,9.63492318967004,13.85850911975576,COMPLETE
99,0.5,2026-05-10 19:07:08.458995,2026-05-10 19:07:08.481866,0 days 00:00:00.022871,11.205313585039335,21.616627640368165,-8.818510956815661,-13.813319755453431,-32.865898254220795,-9.026241823677257,65.38369037301783,8.067327865533269,34.964192714039875,3,1,43.06207087330642,68.22177637872836,78.18250609097137,90.95209837186735,21.03141229907493,17.300154248882745,17.628583106641017,COMPLETE
100,0.5,2026-05-10 19:07:08.481919,2026-05-10 19:07:08.504549,0 days 00:00:00.022630,27.452320490643565,50.61191061364889,-4.405986284813503,-16.087270767976342,-28.223730340467014,-4.872960802382873,58.583931728364554,-5.985286020277074,45.055497931590644,2,3,14.461786651018691,37.98025910763693,31.205157280195294,27.77446656506825,20.182710849677377,12.3368792880627,11.310009393751766,COMPLETE
101,0.5,2026-05-10 19:07:08.504596,2026-05-10 19:07:08.528116,0 days 00:00:00.023520,-2.994464261705062,23.71415779003114,-36.30394713764863,-33.60701551915025,-49.41605742683173,-10.883692883541425,93.21541751992405,-17.0987256231059,31.247837596861793,1,2,25.6846891252588,96.62057473191541,29.186891077100587,91.59359578162059,12.243867593587366,5.1270251560592275,4.5120919136354125,COMPLETE
102,0.5,2026-05-10 19:07:08.528239,2026-05-10 19:07:08.552302,0 days 00:00:00.024063,-2.189763804948252,27.426869970281622,-30.45391355258991,-38.10023108903049,-40.78004351355357,-37.67296985085602,35.73001107630118,-19.977777344014324,22.877493862537992,1,2,29.203260557249877,93.18422556823597,21.547066592823814,99.61262702052284,14.861147003648096,6.868739618351524,2.9394023063333803,COMPLETE
103,0.5,2026-05-10 19:07:08.552419,2026-05-10 19:07:08.576746,0 days 00:00:00.024327,-4.149773007500324,22.454900029279532,-41.485273049079694,-37.18985137039047,-24.45206245887314,-43.087555584916444,86.50608660519192,-18.37659286449683,7.286607432668265,1,1,27.47661273770252,91.08813481146781,47.41496681006597,96.34577575235639,9.285582105134784,17.97933412681462,6.969669631075987,COMPLETE
104,0.5,2026-05-10 19:07:08.576802,2026-05-10 19:07:08.600368,0 days 00:00:00.023566,21.228328773656223,77.62086750049271,-35.28591257452183,-34.743361297013486,-43.96764936438224,-34.36598601619931,31.69662774663215,-16.124208098507587,10.996729860748438,1,2,23.417819737545127,94.6154638751803,53.58772520563942,40.80718074591343,6.28907531770017,20.02171172974686,5.715237073956064,COMPLETE
105,0.5,2026-05-10 19:07:08.600414,2026-05-10 19:07:08.623385,0 days 00:00:00.022971,-9.197607210643557,28.849090295421036,-13.460083218933903,-27.507919271605303,-22.936481450011613,-49.48364451170571,69.5389562234837,1.4003083498929372,5.093024151111015,3,1,46.88324113246225,98.47328848926053,36.30937431064298,93.84184542619252,10.351089974898896,7.188980451397896,14.60482496002118,COMPLETE
106,0.5,2026-05-10 19:07:08.623427,2026-05-10 19:07:08.646335,0 days 00:00:00.022908,5.202785501415972,20.2763868175496,-10.229967410118476,-30.589876029064627,-11.3990481683736,-42.279759118672935,89.89659380575634,-13.109824780848305,49.05180384157429,1,3,16.560336844764826,47.56438287238369,32.85107977087455,47.175986339536216,8.331863682693413,15.755993890173011,19.399119094631327,COMPLETE
107,0.5,2026-05-10 19:07:08.646378,2026-05-10 19:07:08.670091,0 days 00:00:00.023713,-0.8555403503271677,55.01073651464269,-39.21856684397024,-35.698491385640665,-2.93893569316789,-40.937578875671996,74.75708318055666,-9.04818087354546,49.95590986213871,3,1,33.99865780013076,87.26913045660851,47.83877162181872,86.26944089765227,11.633270358077867,6.451812907298148,18.635178180484107,COMPLETE
108,0.5,2026-05-10 19:07:08.670172,2026-05-10 19:07:08.692667,0 days 00:00:00.022495,-6.121760637958953,26.475644773978296,-27.33129956963169,-20.855930737836957,-16.44874377989036,-32.730615813711964,98.892691291934,-1.6855853843139506,24.128084342289004,3,4,31.790493063606853,25.96850882532277,39.88147364512825,98.12526761961436,25.438953230382044,8.445630743259601,16.982528118213807,COMPLETE
109,0.5,2026-05-10 19:07:08.692716,2026-05-10 19:07:08.715746,0 days 00:00:00.023030,28.86376543303851,32.17923249327718,-22.464734372330234,-22.69674899136613,-46.7266107629509,-30.88852253387057,42.64927522669188,12.915853678653043,46.89597291927645,3,2,48.961371232099296,51.56127276232728,45.51016902191795,42.418800334094996,5.028761161637955,16.441858587028193,7.7643820693706145,COMPLETE
110,0.5,2026-05-10 19:07:08.715785,2026-05-10 19:07:08.736705,0 days 00:00:00.020920,17.752695901982086,24.386068010896878,-5.803947253329236,-28.49333423403104,-43.61560652256426,-2.507142297284963,39.525624727627005,-3.9418897134044517,48.1768856276105,1,3,27.061413256216344,17.38817384188034,54.929974748973066,69.14481566526729,7.061519132538527,11.448754414391349,16.363590292521796,COMPLETE
111,0.5,2026-05-10 19:07:08.736759,2026-05-10 19:07:08.759064,0 days 00:00:00.022305,24.232183845342462,21.731456183170298,-0.46850583400488427,-25.081586476232644,-0.4377162061204564,-13.44771548033335,48.08875703399745,-11.693552357243203,35.955058049534344,1,4,23.59386760430472,11.580932385239198,23.953350220170506,55.59271868364057,12.882933951907713,5.836217659617117,9.195194982869168,COMPLETE
112,0.5,2026-05-10 19:07:08.759103,2026-05-10 19:07:08.786456,0 days 00:00:00.027353,29.4051978672981,34.75574608101792,-2.495200098079877,-19.28777752303578,-5.260648120805602,-21.062641175411514,60.04329892320313,-0.7473378422740806,31.411945968152253,1,4,19.153744776172626,13.06001182043538,50.96238531154375,64.74039629665347,14.442437758995386,23.333131654104566,10.18106359226934,COMPLETE
113,0.5,2026-05-10 19:07:08.786527,2026-05-10 19:07:08.810864,0 days 00:00:00.024337,26.916008930233655,29.837678140384334,-1.7651809538812273,-32.17344099662647,-1.5922151777586353,-17.19702304524603,55.031202335543554,-14.836102121607702,32.472373548159084,2,4,24.651960174957885,15.683731550861511,24.98822270167357,59.595906897178565,16.53093093480434,21.49779217122378,9.690366645859966,COMPLETE
114,0.5,2026-05-10 19:07:08.810928,2026-05-10 19:07:08.834358,0 days 00:00:00.023430,25.562512661216793,25.63850276831564,-19.860650155617876,-24.027141916026178,-10.24022543023454,-39.302098551463196,53.18880482306161,-2.886677159583433,28.37337069901147,1,4,49.85784001527825,99.71605673194352,22.87385998189738,51.31267189867268,15.85781419229904,24.2543012559484,8.428896156349623,COMPLETE
115,0.5,2026-05-10 19:07:08.834405,2026-05-10 19:07:08.858930,0 days 00:00:00.024525,1.4044208506132083,53.55165082746136,-24.161887879479035,-26.485905727689058,-13.871183294821167,-28.4804734369864,50.67211644754736,-15.24369394534229,41.693015491932925,2,1,29.448938167117806,10.206560804185848,21.09328087100363,57.454496186645606,13.857588268718365,20.496573494343817,5.0411128091206026,COMPLETE
116,0.5,2026-05-10 19:07:08.858966,2026-05-10 19:07:08.878372,0 days 00:00:00.019406,22.468816769910983,23.822646924445372,-4.2173085214173565,-28.899248727232433,-9.073200912763177,-36.12703954602884,44.87919434260775,-9.774088404883761,34.01930106376151,2,3,28.451301790825468,20.31925806438892,27.947646782401613,63.26877610891918,22.69126651310355,24.848116952985144,9.291041715373508,COMPLETE
117,0.5,2026-05-10 19:07:08.878406,2026-05-10 19:07:08.896613,0 days 00:00:00.018207,27.93961664770229,78.4956524997899,-16.32756606650058,-18.332569165972117,-20.335474479751962,-21.93327597400577,58.55057339998642,-8.029403782093766,29.507727662864845,2,4,45.40991169597347,95.72228479806887,29.96888145897646,77.17791417647575,6.01555784056018,26.74818056225909,18.85352401218337,COMPLETE
118,0.5,2026-05-10 19:07:08.896645,2026-05-10 19:07:08.917539,0 days 00:00:00.020894,21.418432189320274,38.76523310533156,-33.237005595016896,-29.93126041634198,-25.94679647743763,-11.717054413709779,80.96304508117608,-17.371044175775587,20.11051368786532,1,1,13.785252050737707,18.709614474566962,41.877167273752065,66.43580863834481,21.867384406866673,18.301526152558154,10.854260531129762,COMPLETE
119,0.5,2026-05-10 19:07:08.917578,2026-05-10 19:07:08.942111,0 days 00:00:00.024533,19.771244760641725,36.434055624728515,-14.780581573713597,-7.992255128188216,-4.327603868059214,-45.40610651179974,77.86119776199355,-5.588216568864768,43.84013418283668,2,3,17.60495993934524,89.69336445260164,72.41445200094,88.7626551825006,19.24588197484717,18.989586087953285,10.384728985634585,COMPLETE
120,0.5,2026-05-10 19:07:08.942156,2026-05-10 19:07:08.970189,0 days 00:00:00.028033,29.86940485154441,20.10184761056193,-6.977002003918217,-34.2487452895862,-27.142383951086828,-32.49860096304331,49.24966725682765,11.720740810958068,46.3090911642154,3,1,10.930936958345454,31.947919868335,40.084629658580795,52.6952568668679,5.553654658970503,10.402297083991993,11.970416996982738,COMPLETE
121,0.5,2026-05-10 19:07:08.970230,2026-05-10 19:07:08.992246,0 days 00:00:00.022016,12.649133835792046,58.18718542145814,-12.445534600558798,-0.10220918380378785,-21.727229422066756,-1.3764983119657788,70.96427024737352,-12.72665106332961,30.604773210115308,2,3,37.7196934194224,72.60737287498455,43.96476350921486,62.33628655153567,28.810794280499884,22.89744426373086,13.183916424391807,COMPLETE
122,0.5,2026-05-10 19:07:08.992297,2026-05-10 19:07:09.018401,0 days 00:00:00.026104,-9.803654978041614,27.652911915261868,-17.03737352571678,-11.049976030839424,-16.73544345193034,-7.067661799970965,73.04651033551619,14.664572797234126,32.92477462382813,2,3,39.59520485919024,62.0287808865372,26.064433644129124,55.11485070631864,26.23895577773618,25.373900963580873,14.217168624583278,COMPLETE
123,0.5,2026-05-10 19:07:09.018475,2026-05-10 19:07:09.041881,0 days 00:00:00.023406,3.795991672472928,75.92367282385314,-18.086081673066417,-31.645720321327715,-12.352315320420955,-3.6343586459878328,46.7996973599155,-6.572717976618765,27.896796527806774,3,3,21.92553700236518,64.53866779526338,20.471460077630233,58.228536774745734,23.823206537313943,24.148366662403042,8.89195427640652,COMPLETE
124,0.5,2026-05-10 19:07:09.041929,2026-05-10 19:07:09.066495,0 days 00:00:00.024566,-7.374860244637504,30.973636624543516,-11.097357363956808,-1.4211974328112555,-29.16772583228251,-4.496526275420912,41.20433649937776,-10.500299457165744,36.705750731931595,1,3,35.11653177691218,80.1032658501974,34.82918432175029,72.91308704625222,18.448732940959232,25.753515735009437,13.466100925206606,COMPLETE
125,0.5,2026-05-10 19:07:09.066534,2026-05-10 19:07:09.090013,0 days 00:00:00.023479,6.079601537465766,41.30521307110077,-13.575099653055824,-4.723729364934007,-30.453540260390966,-27.615541047368257,63.64944322397645,16.300355523603553,12.824575549507848,2,3,31.065464622670227,77.07378566955687,26.90484495339229,68.55223108206879,29.504742769575053,24.87209502518667,12.606049031316381,COMPLETE
126,0.5,2026-05-10 19:07:09.090055,2026-05-10 19:07:09.115298,0 days 00:00:00.025243,20.862993426210373,22.460282281978564,-9.665501000014965,-16.614671063722923,-18.68557065181237,-0.02245691740880207,68.23231824015842,1.745394072434728,18.894567365579384,3,2,12.65895488419663,29.56207856939209,23.638720744549815,60.04129814554585,24.523639640318926,14.9648257863857,11.527683221380581,COMPLETE
127,0.5,2026-05-10 19:07:09.115343,2026-05-10 19:07:09.138952,0 days 00:00:00.023609,23.394279783624484,74.5452912344014,-38.94204942121707,-17.621505753816006,-24.964497069575827,-14.532967894284056,65.33811850121666,0.1768501141467178,47.67536269116576,2,1,37.04675366458781,23.15222116243499,32.154989546793786,64.14851498296291,17.432024415191762,22.249647586723945,6.32789332490316,COMPLETE
128,0.5,2026-05-10 19:07:09.138998,2026-05-10 19:07:09.165106,0 days 00:00:00.026108,9.900636490958329,72.79152789293856,-21.27557524840197,-13.05071354719862,-7.5119023295565945,-0.9423090747944102,56.448009289265315,-2.5990392270684723,26.74244995792369,2,3,40.8727651998357,68.71536968093623,22.430205458183785,48.72940133917125,27.428781510623892,27.948982589195168,3.8011292138583035,COMPLETE
129,0.5,2026-05-10 19:07:09.165147,2026-05-10 19:07:09.190207,0 days 00:00:00.025060,24.898365535933117,79.79226288937045,-19.462759315097927,-21.182438196713832,-15.425609458656727,-26.318644223225572,95.12523747579995,-8.848615438398058,38.167830368632586,2,4,33.46976942851768,65.69664198815438,76.28978908724564,70.12099539050645,7.5246436890048445,28.607507131012543,15.347934528222885,COMPLETE
130,0.5,2026-05-10 19:07:09.190248,2026-05-10 19:07:09.215599,0 days 00:00:00.025351,26.199407625424577,32.66007197714756,-15.615733770091149,-22.03088172866643,-17.388369971548816,-38.43891116504338,61.85967361365315,10.483270961078501,32.120011805487,3,1,48.27705943690573,34.92105059364876,38.370461416689025,22.5642014411479,28.051498182851773,8.86525015365589,8.173359348814493,COMPLETE
131,0.5,2026-05-10 19:07:09.215641,2026-05-10 19:07:09.238833,0 days 00:00:00.023192,13.232163124915033,34.28088888445612,-14.137544742834672,-20.16962819057067,-12.61786383663093,-23.31029485581301,52.805874357678306,-17.547610718506377,33.80194450335655,1,2,42.57389466796695,44.908976095576314,21.808831073259423,38.17988704479527,19.63893054156278,14.24759014489549,7.360886651459771,COMPLETE
132,0.5,2026-05-10 19:07:09.238867,2026-05-10 19:07:09.258100,0 days 00:00:00.019233,16.67631120855733,35.38278027889687,-49.16853103132862,-15.634358084939354,-34.880584651040316,-19.487894786309276,84.47921059340096,-19.247016224174043,30.556474666922135,1,2,39.07195939273768,38.74051328788622,20.30848505261556,30.678931671174723,20.54735312407121,12.058652186419534,18.053687951710675,COMPLETE
133,0.5,2026-05-10 19:07:09.258134,2026-05-10 19:07:09.277207,0 days 00:00:00.019073,14.881332797458889,66.00032463093565,-41.59459559066185,-32.97547567298877,-14.695410550786288,-2.6872220612322986,55.85009072467734,-18.630784412991602,29.305805527278714,1,2,44.4504153731526,40.96973130360118,25.465767662246197,43.27391749562402,18.180153297280235,13.54274624341245,6.931792091512967,COMPLETE
134,0.5,2026-05-10 19:07:09.277242,2026-05-10 19:07:09.296000,0 days 00:00:00.018758,12.019558755093348,33.52679319379093,-43.98900592117876,-23.15568387411736,-14.32844446343965,-17.868356121599035,58.27795696850331,-11.182713235884906,34.37801294310129,1,2,47.0306592738696,12.473625925589007,24.87508469325184,34.0518379602861,21.23855427986408,10.832997612284016,7.483493879378803,COMPLETE
135,0.5,2026-05-10 19:07:09.296033,2026-05-10 19:07:09.315758,0 days 00:00:00.019725,18.512182411539115,37.47015208876372,-25.833974058001935,-3.343517318056497,-24.022738300718665,-16.087186512639903,74.5391112898081,-1.180790904403691,17.155809474518783,1,2,41.75566480913068,54.046457752735016,29.467011718501112,16.353699348516717,19.308432672963814,12.673227916769847,12.045287470904693,COMPLETE
136,0.5,2026-05-10 19:07:09.315791,2026-05-10 19:07:09.334188,0 days 00:00:00.018397,15.865547960554634,30.067206631776898,-47.701936236358776,-14.30822398852926,-11.311910408803218,-25.649615038514455,76.82022566961122,-12.511954306258682,49.1407057144926,1,1,28.191285084404992,47.80213700163078,49.588309548648525,56.497944412329616,6.509491755098308,23.632648445370815,19.626106641842977,COMPLETE
137,0.5,2026-05-10 19:07:09.334221,2026-05-10 19:07:09.352666,0 days 00:00:00.018445,7.422054302576345,59.359848480937536,-45.384925113458756,-39.36341344416413,-19.42883143354614,-8.319741135392285,62.96638395484077,-14.057571215977891,39.69943760177377,2,3,45.881313217309,26.8670990982112,74.56710189436856,49.98734306470869,15.38527096106272,27.27114839616265,9.433291543491116,COMPLETE
138,0.5,2026-05-10 19:07:09.352699,2026-05-10 19:07:09.371082,0 days 00:00:00.018383,10.71966892538957,43.969792189897824,-28.771617618144937,-25.778337542832443,-13.339814969926605,-29.36574099324509,59.79579521807394,-4.541847084368008,45.510350321076366,3,2,25.709252453358758,70.95433388344101,23.563055826654615,13.028416498931339,16.813471068665997,17.547734967910664,9.838239806588662,COMPLETE
139,0.5,2026-05-10 19:07:09.371115,2026-05-10 19:07:09.392981,0 days 00:00:00.021866,13.673225832997908,28.704735373292028,-35.80675968030419,-31.242180778742764,-22.393735952905626,-30.862767512658568,71.96079089926408,-19.894743787796003,9.530851750273433,2,1,16.25308753103146,44.03151322852007,28.10318938493878,53.477873496596565,20.076431527614783,9.84319675895138,14.776999061259366,COMPLETE
140,0.5,2026-05-10 19:07:09.393024,2026-05-10 19:07:09.417385,0 days 00:00:00.024361,19.26729909433082,39.097355346094524,-8.214126575994309,-24.417247606063803,-9.745962971462676,-6.0499937437970175,79.43804958292101,-6.885878957607809,42.95109192897699,3,3,40.316145735857376,57.22481455620779,64.29166853166437,61.356471319857725,17.903540071766155,19.67722950263071,17.63606519040502,COMPLETE
141,0.5,2026-05-10 19:07:09.417454,2026-05-10 19:07:09.443487,0 days 00:00:00.026033,29.147045662420794,26.430533467526487,-32.44765087574681,-26.74348393628473,-3.2857555854610516,-35.90545898143922,81.87744326655687,17.910085998932654,21.12359079250436,2,3,11.693473106681363,27.651458491233655,58.499528258158925,74.05398196129562,13.67324971983557,18.736473792930234,13.810612352008,COMPLETE
142,0.5,2026-05-10 19:07:09.443565,2026-05-10 19:07:09.469853,0 days 00:00:00.026288,27.223123845715243,23.349368437069494,-34.59864647500336,-27.8078001578543,-5.840350721441114,-37.333518508475365,86.78087804802846,9.206268359386542,19.897645522126634,2,3,12.939774992450907,21.98704475560607,70.66234469205538,92.80289623614217,11.953966779015456,16.91891672875909,2.6259288818709887,COMPLETE
143,0.5,2026-05-10 19:07:09.469920,2026-05-10 19:07:09.497876,0 days 00:00:00.027956,28.84064643692236,20.994628192853614,-30.663102617363286,-22.123905134093025,-9.211750363553815,-34.952207418920686,54.29049700117033,-16.13988106001327,22.403751971641903,2,3,14.198575938385437,24.09601206885779,52.51783197863273,77.244088309566,12.606128583953348,21.686231612386067,3.7623000657306656,COMPLETE
144,0.5,2026-05-10 19:07:09.497919,2026-05-10 19:07:09.521552,0 days 00:00:00.023633,28.446676206612942,33.22359251374523,-24.24982044480954,-19.092549138944772,-6.785970544821255,-40.33424312663549,70.11832296704857,19.26531973164265,23.749638948057413,2,3,10.523016721461842,33.821297547449575,55.4666447294033,81.38487853220182,10.6298818117593,20.82924443343884,2.474357470437877,COMPLETE
145,0.5,2026-05-10 19:07:09.521591,2026-05-10 19:07:09.542918,0 days 00:00:00.021327,-4.122613208354789,77.37752766410233,-29.26685212367377,-36.70403008642633,-36.14453326531628,-43.65905184700242,38.2750832017759,3.285570879083986,25.755429759327235,2,1,15.270161153020206,97.4454149909264,48.161902799104574,84.36451753466172,23.12670491695465,16.080130456591746,8.63533266238575,COMPLETE
146,0.5,2026-05-10 19:07:09.542957,2026-05-10 19:07:09.563936,0 days 00:00:00.020979,-0.3230652802032079,24.644222400835428,-3.416737397732571,-24.771452422819564,-46.32361013449814,-48.01813124282281,67.47545476100625,-3.521637787871094,18.85086092286176,2,4,11.61628339806119,14.990558795818357,62.06836094613527,79.60490805760602,13.104878148600934,18.0788668313822,5.0296184765091185,COMPLETE
147,0.5,2026-05-10 19:07:09.563971,2026-05-10 19:07:09.585557,0 days 00:00:00.021586,20.34111946988236,70.78033364639018,-26.405373061935503,-30.685469748851325,-27.89912563164587,-33.895011809273534,34.755465285684316,15.83112694836909,17.89951695611152,2,3,48.12997522374893,76.03900604479783,60.13460010633224,72.38857523080807,11.078690505583591,22.58172406801472,3.4195446738122635,COMPLETE
148,0.5,2026-05-10 19:07:09.585599,2026-05-10 19:07:09.608727,0 days 00:00:00.023128,21.904696045170297,48.5730480707597,-36.78408709510222,-35.09130308529977,-8.065529027612314,-37.93194583132767,43.14793889847869,-1.6369562305970946,47.58141969372492,1,1,17.099146811767966,85.42703052650234,50.43946169056059,26.58096059799161,9.672412851364175,11.361603689927646,19.201322293117048,COMPLETE
149,0.5,2026-05-10 19:07:09.608772,2026-05-10 19:07:09.630561,0 days 00:00:00.021789,24.140900125853904,31.34130490654305,-5.606006539443618,-23.311967193101772,-10.779880224160623,-13.103834587170685,79.48451722212222,7.200705612716577,44.31790856680904,3,2,22.721235317304835,28.889632582010606,21.678613302551785,18.72214297037241,5.797113192932044,29.70598788060392,8.113497607900634,COMPLETE
