number,value,datetime_start,datetime_complete,duration,params_approach_bonus_base,params_dead_end_penalty,params_discard_2_exit_value,params_discard_3_4_exit_value,params_discard_dead_end_value,params_discard_duplicate_penalty,params_discard_enemy_door_value,params_discard_key_useless_value,params_discard_ladder_value,params_discard_own_door_value,params_down_opening_bonus,params_enemy_door_penalty,params_ladder_bonus,params_max_kept_repairs,params_own_door_bonus,params_retreat_penalty,params_side_step_bonus,state
0,1.249828318057696,2026-05-10 18:14:21.068871,2026-05-10 18:14:28.755380,0 days 00:00:07.686509,36.339979415643754,35.462213595912374,16.390934324227207,35.67983064711237,-9.455037134863183,-34.90659536873922,-36.08728944649116,-29.85230396360981,98.12740265181456,-4.252622103945956,45.798015751305435,19.705364472350798,28.640765542060656,2,0.6559895812754934,46.21149566096549,10.21533113862348,COMPLETE
1,1.1840824608392175,2026-05-10 18:14:28.755444,2026-05-10 18:14:37.313356,0 days 00:00:08.557912,82.99605863197147,53.57202193957081,0.769768733405062,35.6553376340925,-21.961128210832502,-37.18892247907822,-0.8977440416592017,-4.655124630045179,60.55058118096321,-1.1241951343197023,42.44760347062308,29.08771946755029,43.53365871736194,2,17.15328000527508,34.885413367888496,9.81689766424447,COMPLETE
2,1.2334939759036145,2026-05-10 18:14:37.313405,2026-05-10 18:14:45.266886,0 days 00:00:07.953481,41.929356857239355,71.32217499812424,11.914354100808712,78.9740215978367,-41.52362987677072,-23.550469060983477,-35.213654841204985,-11.226661183855775,55.831789893769596,14.167733757555673,26.451019878779555,33.376590748580725,20.088235225054003,1,19.80551607627297,30.820451839187655,19.529182132197423,COMPLETE
3,1.1826303146769157,2026-05-10 18:14:45.266933,2026-05-10 18:14:53.479719,0 days 00:00:08.212786,60.90550806947938,48.54328328528823,10.834992123241712,41.89946598502633,-41.52549714618118,-24.40731070693932,-48.65495131662152,-44.64179447875165,89.23649524323804,18.779097540564102,48.80706188028188,25.972585350605055,21.728417001532286,2,4.4356925095459125,85.43449260680383,9.04372333799613,COMPLETE
4,1.263137670525572,2026-05-10 18:14:53.479763,2026-05-10 18:15:01.464545,0 days 00:00:07.984782,91.70336585525229,32.34271332985256,19.085271076995554,72.17338821573273,-17.3287179210119,-11.913560053695523,-11.676168702584597,-11.363245256756748,95.3677866280295,-17.073296071635106,36.14537554887153,13.271830395751001,11.557647828209152,0,10.992731610021645,73.96517729416499,4.809574322840689,COMPLETE
5,1.2131554261685267,2026-05-10 18:15:01.464586,2026-05-10 18:15:09.438747,0 days 00:00:07.974161,46.905427183522775,70.58639134348331,20.06675565445592,24.85806472416141,-8.050940601519436,-37.85712613964148,-46.08180678724934,-42.33337471692553,82.8185842883307,-10.259176438876718,46.90258480614022,11.614958204245934,16.20236615133113,2,7.913800135888032,30.4528502859627,0.42310707105398304,COMPLETE
6,1.2335510204081632,2026-05-10 18:15:09.438795,2026-05-10 18:15:16.992916,0 days 00:00:07.554121,34.64739095912966,33.07133899625376,17.230054500282385,75.04252587273982,-14.256353377059689,-20.063982117668377,-22.463053501398853,-22.607569172091875,32.931129375526446,7.905914651617426,29.93071241932402,12.56018658298256,14.260076879850994,2,1.108947198456296,60.788183501184875,7.5839968500560895,COMPLETE
7,1.1793435496141724,2026-05-10 18:15:16.992957,2026-05-10 18:15:25.523113,0 days 00:00:08.530156,35.382783675310236,44.41959809316262,15.219450942164173,69.5864422779922,-22.818059866277267,-31.418758012171235,-45.03584011290479,-26.25353816591615,99.56094786069725,8.737308794934968,37.66851497949591,35.225532733215715,49.29706861974303,1,0.6943393133936571,56.21729921138481,6.509824583345578,COMPLETE
8,1.223447015184266,2026-05-10 18:15:25.523189,2026-05-10 18:15:34.876306,0 days 00:00:09.353117,92.50832663439022,41.495320193892056,18.099187520967746,60.65019918369985,-15.919867238509589,-9.0700165254615,-38.865948956552266,-13.066727867683788,82.07061330537536,-18.750330909934764,29.468554794852228,20.76124730219189,22.674263981518067,1,3.6091497982902565,53.46781607276311,1.983904803239307,COMPLETE
9,1.2061590234066324,2026-05-10 18:15:34.876348,2026-05-10 18:15:43.264039,0 days 00:00:08.387691,35.67657546323153,27.778676950337356,7.941008727406732,47.53570619794752,-31.22233875519097,-21.674394227463758,-0.14916321079819994,-19.699361444792395,46.81144815831355,10.407235373635935,38.38416501779541,8.47487496537252,40.93873601632214,0,13.297440584936721,33.680657310703424,9.584039882355963,COMPLETE
10,1.1787472908539227,2026-05-10 18:15:43.264081,2026-05-10 18:15:51.181248,0 days 00:00:07.917167,99.54123606022245,23.608618587470247,27.98859182369788,60.360968699557375,-1.7693741151995823,-3.0747171590993307,-16.733218317438066,-0.07262662787731244,72.12841026806862,-19.139736684311583,16.263784148130533,15.821929356083839,11.639656507091974,0,12.018585457485921,79.28394200342564,15.403820441975068,COMPLETE
11,1.2192849545937985,2026-05-10 18:15:51.181290,2026-05-10 18:15:58.812855,0 days 00:00:07.631565,74.04763018159167,35.11235769414407,26.964366058458133,28.44727457804673,-1.7093430383203119,-13.242699742585028,-12.03806050574198,-32.529792240695684,99.64030496034505,-6.700159488385827,37.21445923412915,19.240897109745767,30.27204982974217,0,8.519474413083515,75.3408351513153,4.6207249744160315,COMPLETE
12,1.2431294729993494,2026-05-10 18:15:58.812900,2026-05-10 18:16:06.586839,0 days 00:00:07.773939,61.01510080358037,20.517645663962938,-9.656782452932617,52.60617599002423,-13.15660133720199,-12.395545027662154,-30.224608581370212,-33.72216701308323,89.48684052302829,-11.354805626096901,20.669659120140746,6.872234643871188,31.14298865767648,1,12.312128184172893,46.81065843595377,13.806315298080905,COMPLETE
13,1.1937641427328112,2026-05-10 18:16:06.586878,2026-05-10 18:16:14.135821,0 days 00:00:07.548943,54.1231583308506,59.15104696645374,23.29849536607158,35.5161029871482,-32.867803920149285,-1.4858956426860175,-9.915886348506827,-32.54579718722892,72.32318954128885,-0.8878768883437628,42.54543704023389,16.349803433695868,36.71186815676177,0,6.251684741025102,97.25274515424425,13.225838749474134,COMPLETE
14,1.209083812765038,2026-05-10 18:16:14.135863,2026-05-10 18:16:21.954999,0 days 00:00:07.819136,75.21747926861488,35.65601797031117,2.9597905279019354,64.2540416411923,-8.707800489179913,-29.82526450233378,-29.252117303217865,-15.515722919071344,91.67309573128489,-13.714373435747127,35.16559549741149,24.468707124259126,28.3646667705653,1,10.49481561704601,71.42986156086062,4.913155419651939,COMPLETE
15,1.1850786815091683,2026-05-10 18:16:21.955040,2026-05-10 18:16:29.516229,0 days 00:00:07.561189,85.76489346359803,29.556065819803827,22.39746457924536,51.347720998571944,-18.688552666498925,-15.42812428275087,-21.728493969357004,-26.45545932992469,74.25625271824774,-5.224937139535617,44.154265490066436,14.380623765737111,26.970073451676605,0,13.4351964340034,44.827991537374345,12.511457585400914,COMPLETE
16,1.2237193920250533,2026-05-10 18:16:29.516274,2026-05-10 18:16:37.464885,0 days 00:00:07.948611,71.58871477954763,39.401091187505905,5.656272080240592,34.78364347372567,-29.898468383428906,-7.180842318216526,-10.818168077368506,-37.585530006921836,99.908529353238,2.9654835695842108,23.40080425287615,19.494205658300366,10.045621194023628,2,15.78674626770074,66.81626732818026,3.550333939597907,COMPLETE
17,1.1915743827411442,2026-05-10 18:16:37.464927,2026-05-10 18:16:45.653699,0 days 00:00:08.188772,53.26842395156729,59.86089887406124,13.95168176554866,20.465466020131867,-6.526719174279398,-30.12269777766186,-35.05289961267935,-49.52263871081094,82.14860716134858,2.779093676434223,11.678467262893626,29.959234926764772,36.249374482948504,1,4.024687957223277,87.87778086205886,17.233061499090542,COMPLETE
18,1.2351688368410996,2026-05-10 18:16:45.653737,2026-05-10 18:16:53.101535,0 days 00:00:07.447798,98.69539159179918,48.697175482658714,-4.953493452645169,43.642418351543306,-26.326680537322353,-17.11870713196833,-5.72405376840549,-8.884571487953956,47.93803943241437,-14.815505135965735,34.600893895424534,11.294520141161543,17.934624497150796,2,9.547105340032463,46.89139680480287,7.385464354802205,COMPLETE
19,1.218520836764948,2026-05-10 18:16:53.101575,2026-05-10 18:17:00.491052,0 days 00:00:07.389477,84.1710534090046,26.31415798493557,25.236991052527035,66.94189077989246,-9.554197678083131,-33.7772293209605,-27.431367244077638,-17.043974483782698,92.1737161866,-5.230620544806905,49.33031048049322,23.31920764339049,34.30299148270976,0,15.672675821020857,66.05757709270223,11.326280114199177,COMPLETE
20,1.2220607334357234,2026-05-10 18:17:00.491094,2026-05-10 18:17:08.120406,0 days 00:00:07.629312,67.5849571788921,79.94302156655607,20.623588408017902,56.035248709831805,-36.90704111027687,-25.034549787090704,-16.381405324241722,-5.866983890018658,66.57147206374776,-16.102968186668203,33.55515458145115,17.870488714118267,25.24634801274034,1,7.308685879852785,54.998467366340535,2.5106944242489586,COMPLETE
21,1.1885574810837198,2026-05-10 18:17:08.120448,2026-05-10 18:17:15.937197,0 days 00:00:07.816749,61.38355697717517,21.52249797331124,-8.573918870220751,52.7040909292495,-14.154303326167955,-10.853024965104684,-31.84765116887748,-32.33271840396408,88.8628763631897,-10.585269339725414,20.109171453768273,5.7660950845731715,32.139266992089446,1,11.338605308569333,42.04624839507926,13.664142619923465,COMPLETE
22,1.2191110381257355,2026-05-10 18:17:15.937239,2026-05-10 18:17:23.565331,0 days 00:00:07.628092,45.415613035515605,29.94183407114331,-1.7283808520753459,41.897630976579855,-49.93025917919412,-5.637964778723631,-39.5158574449762,-28.651134158445615,94.84501162985445,-9.578017189014163,19.5251786307551,6.822748419376074,41.48186248218349,1,14.20124320719966,39.968992121640724,15.623278912419313,COMPLETE
23,1.2095670995670997,2026-05-10 18:17:23.565372,2026-05-10 18:17:31.381474,0 days 00:00:07.816102,30.265583290590666,22.98164797600092,8.26728906030159,73.52219126114501,-18.502515196333096,-16.933297672465876,-23.608042712568633,-36.76117028281982,83.60072642498548,-12.72325538831696,10.78353153727711,7.3922430133634,24.875281451042106,2,9.838875732898419,51.888507546272784,11.196434918260792,COMPLETE
24,1.1247766323024055,2026-05-10 18:17:31.381511,2026-05-10 18:17:38.864644,0 days 00:00:07.483133,52.77071626865241,38.91590238583906,15.018399678781684,30.11023827030021,-12.143014339188454,-12.29882761315213,-40.844851796013685,-21.872678925012604,77.84608348898553,-7.921715580768328,25.252010539776364,9.21739026076366,32.98716819148804,0,5.944283112460284,60.41463044920235,14.962939581273446,COMPLETE
25,1.2277267161864338,2026-05-10 18:17:38.864685,2026-05-10 18:17:46.642416,0 days 00:00:07.777731,91.0783107080202,20.626750954800876,17.997484491039017,56.66475032407878,-4.8527584063558065,-13.887681988132712,-18.09031712978846,-38.44612465112176,95.13498799438806,-16.28503211143606,40.117583913637894,5.0403941362527265,47.71960462349447,1,11.989770544115899,49.770977058029665,11.428711948411008,COMPLETE
26,1.1933415340878029,2026-05-10 18:17:46.642463,2026-05-10 18:17:54.203631,0 days 00:00:07.561168,65.65522430745845,31.226684597176973,-9.266104995909874,46.0641699927535,-19.13695778623972,-39.90147714940009,-33.23525034626094,-31.035086828780287,85.91709069647526,-3.073984327410427,31.69323859359139,39.964636285592334,29.2170372494834,0,18.093657630038734,40.395614827160536,5.741506231718831,COMPLETE
27,1.2675291981681707,2026-05-10 18:17:54.203672,2026-05-10 18:18:01.723426,0 days 00:00:07.519754,77.60191483915469,26.35159488880401,-4.158656599915602,38.42554448410293,-11.91491877687427,-9.29115616460937,-27.12555575619597,-24.237811611120485,94.55454976612954,-19.95658856937669,14.998384583963352,13.617225963436189,37.67937301463006,2,1.750543455331428,61.842131180135155,7.640924413838375,COMPLETE
28,1.2386317038955434,2026-05-10 18:18:01.723466,2026-05-10 18:18:09.566950,0 days 00:00:07.843484,90.67080280831325,44.634919395277024,29.597508724018077,37.04908945935214,-26.583411564823237,-5.084539834691306,-27.41363527250594,-19.69046442810364,95.8477982244888,-19.567476830952863,14.509342288982136,14.842432622098041,44.499968258011755,2,2.3995845248571523,70.29974114162287,7.863621815953729,COMPLETE
29,1.2093724729095907,2026-05-10 18:18:09.567001,2026-05-10 18:18:17.226085,0 days 00:00:07.659084,75.00151187952525,35.83117708040117,-0.3311394646133574,37.54978652361151,-4.460355668872083,-7.404130122483679,-5.064637152742659,-1.5035470148311845,59.27686725347673,1.844426293468533,44.795078497912534,26.184426297361277,38.82210811399075,2,0.24081693655974612,80.7763296854098,8.98968743106682,COMPLETE
30,1.1743769243234485,2026-05-10 18:18:17.226126,2026-05-10 18:18:25.179761,0 days 00:00:07.953635,81.37501337115067,55.89761223659819,3.707598486893051,29.860269880773252,-21.71146589168155,-27.20054866365842,-19.752141046263784,-7.918876138462874,78.4190457650987,-17.007246619561823,41.32051767872211,21.370015305776516,45.07017997331841,2,1.8364324531027538,61.35323829446341,6.0289722366742975,COMPLETE
31,1.186860841423948,2026-05-10 18:18:25.179804,2026-05-10 18:18:33.228840,0 days 00:00:08.049036,79.7820161987173,27.704914828616147,-4.672892166135882,39.65615554494474,-12.471918151848794,-10.957711030416275,-30.18692927808842,-28.980586915357122,87.7391450469903,-13.318400457010815,19.982726972051243,13.26850600805502,36.18871210089813,2,2.803948027130985,37.17516076717622,10.337066617824167,COMPLETE
32,1.2079528195185005,2026-05-10 18:18:33.228882,2026-05-10 18:18:41.149740,0 days 00:00:07.920858,59.79520865839371,24.967663904242894,-6.057628877099502,33.79987418007527,-16.923316421253787,-18.072210531533024,-26.22078588799552,-23.509997861990357,93.74047146782426,-11.13745866823565,14.81373122938473,9.696261253883643,31.27746200327941,2,6.060911246572492,45.54257041880272,17.77901724662417,COMPLETE
33,1.1746051994186986,2026-05-10 18:18:41.149782,2026-05-10 18:18:49.119204,0 days 00:00:07.969422,95.06751440816126,32.43450117728289,-2.6819928701284255,78.88588074901782,-10.358901194583387,-9.25627830102902,-37.65704977663874,-36.45536526366042,89.86334789689863,-17.79349164866697,27.674896477657235,10.400677697886152,19.914296898584,1,4.5421910677839215,57.84586199879787,8.305097814389988,COMPLETE
34,1.2451844628636437,2026-05-10 18:18:49.119246,2026-05-10 18:18:56.910595,0 days 00:00:07.791349,79.37922118470807,20.23500786167525,11.768290335715031,48.689709446877686,-21.669225767885408,-15.25827279635309,-34.68533166389049,-42.05192191517354,97.25670484282963,-7.663058203440256,17.625267515577846,16.64618518995756,39.42733577300613,2,15.127612607173873,48.47537501375002,3.38459928376961,COMPLETE
35,1.248531211087651,2026-05-10 18:18:56.910637,2026-05-10 18:19:04.727546,0 days 00:00:07.816909,86.75136846954668,25.8425061738409,12.534533833462032,46.83539061183567,-22.261796750006198,-20.076257606037764,-36.23635264922691,-44.633519498239494,97.38214024976584,-3.027853001324481,17.04403458344728,17.682547955898297,39.62163626637656,2,19.210227731113882,71.14065960905054,0.0861653499768007,COMPLETE
36,1.2041532279958733,2026-05-10 18:19:04.727583,2026-05-10 18:19:12.426465,0 days 00:00:07.698882,87.29742287595842,44.872039077215305,12.795709443133253,44.02726322986416,-24.413955043959586,-20.488740957207,-43.88866694605759,-46.55930307011353,32.81960958428146,5.900399621329262,23.349428688708166,13.441774482932939,42.91705745261544,2,19.87614703049409,86.16588626402965,0.13575916972175683,COMPLETE
37,1.1953130561397831,2026-05-10 18:19:12.426505,2026-05-10 18:19:19.982652,0 days 00:00:07.556147,87.6922322527409,37.02603361703541,10.180850817778193,24.680473604775905,-16.55406598029045,-33.66599030903081,-47.489711407885935,-12.243818719766997,86.31703819446714,17.845940524598955,46.86856051128251,18.416320707072334,14.298752907215762,2,16.888661458401575,74.15315622974965,1.3714404305887824,COMPLETE
38,1.2199496998215156,2026-05-10 18:19:19.982696,2026-05-10 18:19:27.512589,0 days 00:00:07.529893,94.12480077928552,32.7886938607305,16.879257530880288,40.06414738752811,-28.430346640172285,-0.2292125870258026,-41.34432480435117,-40.888977917895744,66.34157968209013,-3.967240313671123,27.872564077328718,21.47845689846376,38.989280022727826,2,18.9005444896475,63.17115795391248,4.065516821789863,COMPLETE
39,1.2162645914396888,2026-05-10 18:19:27.512630,2026-05-10 18:19:35.603208,0 days 00:00:08.090578,77.98730933729465,52.099894929662156,20.744857385545124,46.10820507747638,-6.210897915226724,-23.713448461820043,-14.429279613045342,-44.425119773911426,51.02548478587305,12.295646266921413,11.840228534833294,26.73344194863073,47.24064930383735,2,1.7083062266297397,91.2654614507643,7.034610708019639,COMPLETE
40,1.2046060606060607,2026-05-10 18:19:35.603251,2026-05-10 18:19:43.713812,0 days 00:00:08.110561,40.04684803059541,41.55469833552062,7.940212257459168,55.4127211451102,-21.22079138073562,-35.4368738021142,-42.759946963818926,-16.709460511573205,39.557718221327264,-2.748147929797894,31.000017575787368,11.833482830187771,34.456781033917366,2,4.732398166517893,81.9826081433772,1.123253144564734,COMPLETE
41,1.213934080207826,2026-05-10 18:19:43.713851,2026-05-10 18:19:51.360426,0 days 00:00:07.646575,71.23809111940739,24.89996546834361,11.836354066023956,49.30888538219199,-21.73862667350129,-18.874202871925135,-35.79604123443648,-41.299554771978386,96.52271011474694,-7.927954224240998,17.336913759043142,15.852018800589306,40.03704559184057,2,15.175969055664083,67.72280530108713,2.495617830546923,COMPLETE
42,1.2158950840775606,2026-05-10 18:19:51.360467,2026-05-10 18:19:59.659243,0 days 00:00:08.298776,81.029592730646,28.77002981122679,15.757942833283328,47.5892531767247,-14.919173879942903,-21.687191041288308,-36.608553433291405,-46.91571036013332,97.21742628349367,-0.12058513829248696,17.7854365730164,17.1587165516406,37.582716327505075,2,17.185332605082333,76.09656774859705,3.787462766815742,COMPLETE
43,1.1815064438883955,2026-05-10 18:19:59.659285,2026-05-10 18:20:07.640332,0 days 00:00:07.981047,87.5925984220745,26.291136520481125,9.74700873233364,31.678276249009905,-23.884416364942595,-15.000051824334793,-32.44472367177723,-49.78287308235045,92.07368713987613,-8.803730427427228,14.041866430685028,19.619411749477052,43.45829673800142,2,18.43942297638798,58.50284823509576,5.457224919796432,COMPLETE
44,1.2378506434070964,2026-05-10 18:20:07.640375,2026-05-10 18:20:15.765856,0 days 00:00:08.125481,77.54911121858015,23.908614846384793,18.775628029497312,60.509641085943734,-11.004095895058622,-26.455621995860948,-24.1608713859398,-43.744374658558485,99.55768205268598,-1.9326181627176702,22.58528639823081,15.11949793792743,21.876539366243435,2,14.465177654653505,50.33430882774521,3.135252775297462,COMPLETE
45,1.2079342496583876,2026-05-10 18:20:15.765896,2026-05-10 18:20:24.185130,0 days 00:00:08.419234,97.22359934984861,33.60818239136894,13.232098792052176,39.914569351918466,-19.53197192208495,-9.445113352406553,-34.25514520498626,-39.59761772589801,97.16837078971633,-5.7597461845452935,13.365735977995513,23.054023420877847,41.75349681995539,2,0.3121428156968654,71.2143730158103,1.0097463369526878,COMPLETE
46,1.1286794756981193,2026-05-10 18:20:24.185171,2026-05-10 18:20:32.120253,0 days 00:00:07.935082,90.10557122312468,29.17411679056491,5.320292137564765,43.9521690308287,-7.684852600240296,-4.193726290425534,-28.96037792769085,-34.71013318857095,92.59220485043137,5.6358293115934615,16.800711148584544,17.022478729439552,49.926400207285866,2,16.567665020320682,30.185706046490544,4.525381106436409,COMPLETE
47,1.2129968522739607,2026-05-10 18:20:32.120294,2026-05-10 18:20:39.679308,0 days 00:00:07.559014,84.37135213283467,20.389928212456635,23.19326158129326,49.77175976048781,-0.1089044293431094,-15.07765620601289,-38.437729391208094,-24.944721365220126,78.705624178232,1.1373721176845586,39.25491928118301,13.288219250322108,34.15238221214589,2,8.620712942999546,77.60529243409152,8.483028009085967,COMPLETE
48,1.1307003891050584,2026-05-10 18:20:39.679350,2026-05-10 18:20:47.716489,0 days 00:00:08.037139,70.48541336508976,23.328683442610107,11.60667394898184,25.496630198476982,-16.49831462849081,-11.078999803907124,-20.624182182776558,-47.137518890752496,99.88774052074461,-15.183354060673663,36.17864716834055,20.484167956280423,15.661364620211854,1,13.275168156718255,36.06437272378758,9.998053400458224,COMPLETE
49,1.2221897810218978,2026-05-10 18:20:47.716531,2026-05-10 18:20:55.600638,0 days 00:00:07.884107,93.35874483042055,27.575581508172025,16.109647179729237,62.861689431467106,-26.130794891870746,-6.580129803097976,-49.11071195401253,-19.0008163451417,84.58694272411432,-19.308958094570045,21.57127215446581,18.29045650237166,45.83022007079008,1,10.71005972239486,63.24524127329774,6.744807532508545,COMPLETE
50,1.2143332794569257,2026-05-10 18:20:55.600681,2026-05-10 18:21:03.388991,0 days 00:00:07.788310,82.6986136010139,41.05709897483956,19.085243143473132,70.66006596757026,-33.40437906295303,-21.70803868552697,-3.803285861625117,-14.269934502422252,90.63241328024395,-6.644400365019484,46.95185362354076,11.649152609641101,39.142320740432126,2,3.2535213087340935,73.6780928606862,1.7923691095342178,COMPLETE
51,1.30545172103671,2026-05-10 18:21:03.389036,2026-05-10 18:21:11.173831,0 days 00:00:07.784795,40.74799912879783,21.97449688383547,-7.280169749173453,53.57024024366632,-12.163142833282857,-12.749976710249591,-32.66719640739521,-35.18674226417616,89.76889970247983,-12.554609692331693,19.065127948148696,16.26467975299904,26.353169779760197,0,13.48144251743138,48.71743630663408,2.890961665921979,COMPLETE
52,1.1972114458660064,2026-05-10 18:21:11.173874,2026-05-10 18:21:18.582915,0 days 00:00:07.409041,37.807649917385845,22.839482452121032,-7.258118025795488,58.234287590114825,-14.301659206312388,-13.702169868160883,-31.425170129426863,-29.781216443959426,96.93696231993648,-17.86046874282511,18.62738145982737,15.50478298661277,24.224642956163372,0,13.014285730786689,54.730254343322116,2.63051386659059,COMPLETE
53,1.2562960533508254,2026-05-10 18:21:18.582955,2026-05-10 18:21:26.039078,0 days 00:00:07.456123,31.80624754012966,20.027119548683515,14.230800093063152,33.617568274243474,-11.065487148635153,-9.031245978678145,-33.90965268412044,-42.64562086111418,93.3891737113311,-11.729306440185734,15.553590133540261,13.57996168933653,27.76798226548237,0,14.310766607879408,43.00271562533908,4.876376989236491,COMPLETE
54,1.1586871470643862,2026-05-10 18:21:26.039117,2026-05-10 18:21:33.891942,0 days 00:00:07.852825,33.65320407405475,30.92507532285206,21.744474216034426,33.394343389655106,-8.621750922379855,-8.491995073447422,-25.711136246695943,-34.634676929717045,88.60281382160775,-14.784012328006288,15.224156606200257,14.193352667592766,28.101816562736975,0,10.944879592293445,43.01454746125562,4.924938694324908,COMPLETE
55,1.230219298245614,2026-05-10 18:21:33.891984,2026-05-10 18:21:41.556278,0 days 00:00:07.664294,44.24318236518204,26.75802953083179,14.496493914962961,37.22264503428588,-11.308908553224203,-2.257356294200287,-37.15409835137342,-27.21380384326367,93.5724187122284,-12.051215068616651,11.947046217353094,10.804902518576693,18.861664300467112,0,9.250100677410323,32.42384768407525,6.367422403202777,COMPLETE
56,1.2587403843540188,2026-05-10 18:21:41.556318,2026-05-10 18:21:48.964974,0 days 00:00:07.408656,30.211740102630845,34.24632563792372,24.608382050131972,66.86567922983498,-13.339288195651985,-12.062755819425574,-28.96276531500838,-39.57614455192375,82.26814528841182,-14.186784060003044,25.292251168544784,12.547626517659918,26.74239334536681,0,11.648453281620164,68.59890648013192,0.4646091684377319,COMPLETE
57,1.267761830982087,2026-05-10 18:21:48.965015,2026-05-10 18:21:56.920758,0 days 00:00:07.955743,30.032116764099683,64.08227421852399,24.079205944277515,68.16838112856156,-13.210685585690866,-12.199400932305915,-28.42606789357688,-38.72908444160317,80.95357934648811,-13.344026098844276,24.922264131661866,12.882091264256879,26.712631359948414,0,12.567311899620735,51.66975367791295,5.253863621686652,COMPLETE
58,1.2101282787669922,2026-05-10 18:21:56.920798,2026-05-10 18:22:04.539023,0 days 00:00:07.618225,31.454526531081765,61.35015380216963,25.215783440673416,67.61067238838598,-13.17885654781096,-12.20336682903321,-28.39461867432024,-39.381480861349694,80.09452965468523,-13.978493913404293,25.318452928769357,8.66039526302353,25.983283693708145,0,12.388200644109705,53.0470989782289,5.249506291818337,COMPLETE
59,1.1120159238282854,2026-05-10 18:22:04.539065,2026-05-10 18:22:11.886334,0 days 00:00:07.347269,38.02970572803076,67.77118781480947,25.28142668853373,74.59049341959293,-2.926801275813821,-10.025000336451475,-22.717751050977217,-36.714808284537405,69.33877594155734,-15.666221220043738,24.667397593282143,9.92348624586112,23.874426231692958,0,11.585887582910322,38.211864295387876,4.161377636167134,COMPLETE
60,1.190122699386503,2026-05-10 18:22:11.886374,2026-05-10 18:22:19.493664,0 days 00:00:07.607290,32.46554199947467,78.19344593470198,24.222981997658163,78.09283325757463,-7.122283660567408,-7.040663913653933,-30.833856891781856,-35.685894626982396,73.8849324956092,-18.11466500330644,28.96896377434347,12.521789160593618,27.20259961890239,0,12.647003164870918,68.3120039145776,2.0453199688706825,COMPLETE
61,1.110474546550496,2026-05-10 18:22:19.493707,2026-05-10 18:22:26.933039,0 days 00:00:07.439332,36.15520207932556,69.60946995535984,26.377382107212043,71.06365818483397,-9.47109101650073,-13.101623553378431,-33.20265592326525,-30.834996105695527,81.79796444554648,-19.95615713846592,19.156896916585463,13.802601609604354,29.922641477967126,0,14.124584160621287,44.324822669316426,3.0230017626761017,COMPLETE
62,1.1945351455467839,2026-05-10 18:22:26.933085,2026-05-10 18:22:35.445338,0 days 00:00:08.512253,49.89192315680238,65.78010185056233,19.67858347078798,64.38397568695231,-15.033403237392163,-8.222958119347656,-27.22259500197906,-32.31201164185708,90.4433335998363,-12.434918401216814,32.65927487495681,12.696210171536125,22.899886835778627,0,10.312615243991505,48.886974549432,7.257391676310727,COMPLETE
63,1.1608807354510384,2026-05-10 18:22:35.445382,2026-05-10 18:22:47.392688,0 days 00:00:11.947306,40.87388461010654,38.040940581483795,27.53444717300584,67.40561188954997,-12.622166167786716,-11.56721302939838,-24.697589539002095,-38.39504146442771,84.98570117509,-10.637906868666283,22.111050242374482,7.942137023500577,26.578565280715747,0,11.614592210925926,51.582039750410566,9.26143389505933,COMPLETE
64,1.1801029230135858,2026-05-10 18:22:47.392735,2026-05-10 18:22:58.166577,0 days 00:00:10.773842,34.79980335934421,73.57284838187192,21.379882650975777,72.69157106820795,-5.422367729296147,-16.452927073589365,-30.124735215135225,-40.55195666137004,86.32102649668198,-16.995920588034142,26.47687354364952,14.97999325389214,27.85076940823118,0,1.2318965716758359,57.32785968501291,6.104213938322336,COMPLETE
65,1.2468771580895557,2026-05-10 18:22:58.166669,2026-05-10 18:23:10.158935,0 days 00:00:11.992266,30.67040375067383,34.22691121014454,29.351338353062594,76.45810346574737,-18.278961223215653,-4.539108922873449,-7.487416304162153,-42.7234404632014,76.05193737840668,-13.62885514415609,15.7935954554305,11.645863645882068,29.01256990530014,0,13.85200966301286,46.32278100957683,10.660864078844336,COMPLETE
66,1.2550098231827111,2026-05-10 18:23:10.159019,2026-05-10 18:23:21.379820,0 days 00:00:11.220801,43.31786991655217,30.93095155538809,17.66998810895562,62.84102407498345,-9.672663697446177,-10.482068106379375,-33.2000744773237,-9.805032149948106,62.49608624375422,-9.73610343115498,30.125181754512415,19.33262512765496,31.094364168599462,0,6.924279480062343,65.62483237910352,7.8975811687935895,COMPLETE
67,1.2447671876265285,2026-05-10 18:23:21.379865,2026-05-10 18:23:35.882133,0 days 00:00:14.502268,43.67029535134336,22.295043834059257,-7.375741106743646,63.51199063776214,-10.552848254753828,-10.563796499683598,-28.152618797997352,-8.748766826629728,60.911055166240956,-10.092064045522406,30.895495266300262,16.163784038152514,31.133545899838502,0,8.089027672186331,65.52146326918815,7.690983719726894,COMPLETE
68,1.2134764826175868,2026-05-10 18:23:35.882179,2026-05-10 18:23:51.617902,0 days 00:00:15.735723,47.932205170083115,31.19818567056338,17.204255835230935,69.61277599395372,-13.588411952330437,-8.156720892743316,-26.299845155837343,-3.6110339290830975,63.18925102642793,-16.671922504963113,12.964366661143961,18.812850208130058,11.402077979830555,0,9.218407805689516,60.02758740479497,4.712396976711516,COMPLETE
69,1.2150050675212973,2026-05-10 18:23:51.617955,2026-05-10 18:24:03.931307,0 days 00:00:12.313352,56.94683356367204,35.900049647416566,22.919714068183197,66.06989078533582,-9.31053127646367,-14.023716028751995,-33.34505804740737,-10.230071014069141,70.00084681501421,-12.03377933587281,34.483102444883734,14.264865797508591,20.189970859326888,0,5.257189401193207,69.55505493194062,5.516249163400875,COMPLETE
70,1.2030328430164077,2026-05-10 18:24:03.931355,2026-05-10 18:24:15.894052,0 days 00:00:11.962697,39.48781116687192,62.950690331798775,-3.0401961463324385,61.29852408302187,-3.743120351845471,-12.090655671842743,-30.0158464595628,-6.826434914393204,56.3261756119859,-14.793321666708081,24.032576541089053,33.86991704585891,25.80628975820101,0,14.776763764484668,64.81105550169536,8.145612605346722,COMPLETE
71,1.2059458155800304,2026-05-10 18:24:15.894100,2026-05-10 18:24:27.059405,0 days 00:00:11.165305,36.86744153580098,57.38885070290568,16.91394599877035,52.49465385117182,-11.48108843659432,-5.974558302362423,-32.32526624875058,-4.966314272526494,94.83231612715358,-9.380126617183798,21.22295839167186,24.751243463570283,33.1255193781953,0,6.734332198954698,42.090857891667476,8.75948917427193,COMPLETE
72,1.234810042946812,2026-05-10 18:24:27.059444,2026-05-10 18:24:34.546166,0 days 00:00:07.486722,33.27400999406415,29.74410758649985,20.026087534681878,58.42786541175006,-7.813457182184585,-9.957253963839833,-39.721686957776114,-10.92915514687019,87.98159166467136,-13.889877363622354,10.40999724361311,19.452020517533686,30.18861941054523,0,13.575793742132873,39.70433148218184,12.03489448977808,COMPLETE
73,1.239944652449943,2026-05-10 18:24:34.546207,2026-05-10 18:24:42.207891,0 days 00:00:07.661684,30.000132029849023,24.80882138390158,1.3756991258506748,68.01542252865353,-15.312904921487668,-13.535041575444165,-35.102883642634986,-33.35762679772474,82.13977629620257,-18.278600251210552,37.672059915952616,21.896770824737963,23.067313344073543,0,12.240303588362572,47.92429694197355,9.660110593178661,COMPLETE
74,1.2475368815714403,2026-05-10 18:24:42.207931,2026-05-10 18:24:49.501761,0 days 00:00:07.293830,42.22005611529596,32.4377311445163,14.024929532076293,27.754741790573362,-17.834663051378495,-16.308061305183042,-29.112173487548468,-22.03552420053153,91.45638567289687,-11.963557233156175,42.22795072862408,12.338516639484443,35.31072424115739,0,10.993271470056973,55.313787571812746,0.5421047004883859,COMPLETE
75,1.219051987767584,2026-05-10 18:24:49.501802,2026-05-10 18:24:56.401763,0 days 00:00:06.899961,34.553470573175616,45.79254736059249,18.002706637565936,72.2415119716349,-12.130453616333712,-8.814532073828143,-31.407598108316538,-37.8898770378494,94.1743268061764,-15.985213368941082,27.794934532156905,10.906295895678696,25.087825847089945,0,10.065230250974242,72.68146134988687,7.017378936516499,COMPLETE
76,1.129571588092709,2026-05-10 18:24:56.401803,2026-05-10 18:25:04.469144,0 days 00:00:08.067341,38.82798619624202,34.89535094253625,-4.756850885752399,65.11543112927288,-19.940902649536255,-17.73781370024685,-33.44482526151338,-28.04787172022377,55.835457049369474,-8.464193898512997,32.75534775052706,16.38372734846173,32.78195703673667,0,0.8513121774745116,63.43516417344291,6.381092043655375,COMPLETE
77,1.2906915765322844,2026-05-10 18:25:04.469186,2026-05-10 18:25:12.096970,0 days 00:00:07.627784,35.91880601385356,51.38607528725522,24.248559914574788,32.082606455768286,-6.594007920480655,-38.92451449306276,-18.043411042315178,-24.678793046042625,63.157712264945005,-10.9309421180746,29.794011289474064,17.727473760454604,27.114720678884787,0,2.519970606216876,51.232501395979426,4.212959588843962,COMPLETE
78,1.1868193594619922,2026-05-10 18:25:12.097010,2026-05-10 18:25:19.402385,0 days 00:00:07.305375,32.43818293971363,51.98950035727695,24.370233041108595,32.85029995369515,-5.66410571953264,-3.2074350163351406,-13.299451022080502,-18.330002904085667,64.53074602154729,-10.645833477265429,25.914680090790416,14.72993236972745,27.45101523237794,0,12.686483632166901,52.782882490040805,3.8447012308089343,COMPLETE
79,1.1786679747111402,2026-05-10 18:25:19.402427,2026-05-10 18:25:26.849798,0 days 00:00:07.447371,42.172452882114655,55.63703699617243,26.727538149271385,35.930834537438415,-44.34736506548394,-39.39509869683219,-10.128624611792283,-24.04735461822847,52.927846804227,-13.336511639131011,29.301840846444204,13.091915187802693,21.640977849443583,0,2.3600065123776357,61.74757037780658,4.437824268000519,COMPLETE
80,1.1446763583204742,2026-05-10 18:25:26.849841,2026-05-10 18:25:34.871099,0 days 00:00:08.021258,36.182711111842934,49.40522980298164,22.066303683530013,69.23698524823574,-9.929811915511507,-7.638510398030892,-18.22567458154724,-13.642999520027294,59.34670259723264,-17.278380815762272,26.6440636314082,20.460106954829676,29.11927090827774,0,3.6895002635325733,68.460978335803,5.800058630864718,COMPLETE
81,1.2734246838394645,2026-05-10 18:25:34.871142,2026-05-10 18:25:42.836792,0 days 00:00:07.965650,46.80427463906092,40.327962237942515,28.580212006878085,29.467478804060367,-6.818370211114832,-37.261188848034216,-14.636698655494538,-26.704690588361913,62.688870885791566,-11.201889849514838,36.0056636645593,15.803036370708789,31.413966594511738,0,0.0026290319391171213,50.73486121152408,5.076490283769164,COMPLETE
82,1.2332809430255403,2026-05-10 18:25:42.836834,2026-05-10 18:25:50.271592,0 days 00:00:07.434758,34.9464599582625,47.04944017588886,28.871545129580383,28.28639873175481,-6.748039800572537,-37.146757483874495,-14.980391087227527,-21.012170210432274,68.33236064872082,-11.400619920940192,36.26545351772285,17.257444476097373,31.953736130901156,0,0.01866924734476605,50.29013996604729,3.390905569363653,COMPLETE
83,1.251036290652904,2026-05-10 18:25:50.271633,2026-05-10 18:25:57.658001,0 days 00:00:07.386368,45.94520766994938,42.82204125303865,24.10209201268681,30.979471096656667,-2.0430639367128167,-37.398314293240276,-11.948926707934893,-25.73549359205494,64.63294850756735,-9.391811169784184,33.87822307866488,17.828601834133487,26.5721202067498,0,1.5628387172375002,43.809306224625665,5.050540646215034,COMPLETE
84,1.211694326933507,2026-05-10 18:25:57.658044,2026-05-10 18:26:05.508872,0 days 00:00:07.850828,48.335421643212975,37.108956575500585,28.157279095965585,26.123881748824612,-8.400391036721198,-34.631910836397665,-8.349187885360973,-20.523408078136832,62.1663820160024,-14.828852330707866,30.873163270443438,15.659538268643239,30.13739873733137,0,2.2764755464551953,54.183939431818,2.2205194183891206,COMPLETE
85,1.2168500327439424,2026-05-10 18:26:05.508916,2026-05-10 18:26:13.396271,0 days 00:00:07.887355,31.96300868768748,28.039238474207057,25.778542316118696,29.62164234956351,-13.80873512247068,-38.57450085407289,-15.836332980464807,-45.609599802380195,58.175698601597055,-12.962328463119455,32.15578140286066,14.063918073901217,37.66104185561604,0,0.9246088708434115,56.55031072618072,2.7187860123809413,COMPLETE
86,1.218535192888019,2026-05-10 18:26:13.396315,2026-05-10 18:26:20.857317,0 days 00:00:07.461002,41.10088323905145,39.234610351515016,27.978545818528385,23.516315483322263,-15.736812286005366,-30.86059783610337,-20.25305402282144,-42.569746186778076,72.2830432023071,-6.993038747171908,39.02556324534147,16.550830748999026,31.23856349220252,1,15.965691144118738,46.794224301649486,4.345796610245909,COMPLETE
87,1.2849577403348056,2026-05-10 18:26:20.857357,2026-05-10 18:26:28.127514,0 days 00:00:07.270157,67.44094455076727,25.34856128898949,20.84924148614599,54.80652669231831,-3.8794853294162355,-28.508651274941293,-17.213412944079227,-16.67772640833019,67.6634413653839,-18.970030463590295,35.35410303817318,12.19387552609462,16.21942748638159,0,11.793049804652702,59.163196830604114,1.5239079336624721,COMPLETE
88,1.212561456079019,2026-05-10 18:26:28.127554,2026-05-10 18:26:34.791109,0 days 00:00:06.663555,62.665872145859,22.35966041520815,20.657701674654636,54.32017470535703,-3.3881008424011747,-25.9620652014841,-12.155512647284036,-24.32697084872701,75.37850726944316,-18.630254076269615,36.59845831282882,9.218983094880631,12.609811481601183,0,11.70417752095545,51.40367947076411,1.5443636157809406,COMPLETE
89,1.2194414031647467,2026-05-10 18:26:34.791151,2026-05-10 18:26:42.541459,0 days 00:00:07.750308,64.71254441901021,21.241087221769295,22.68725052120079,50.93876987776586,-0.24039521849056822,-35.82523824778031,-18.45344744050589,-15.167478593466534,67.47440348718288,-19.208849586605798,35.44160494647283,12.124876767078602,10.399360579077037,0,13.03109486995345,59.03106727440887,0.48326228057321874,COMPLETE
90,1.2265191861259046,2026-05-10 18:26:42.541503,2026-05-10 18:26:50.555174,0 days 00:00:08.013671,37.40006836965289,26.4068164950417,-9.750960878993286,21.097008918104127,-6.286779791818606,-29.8224744216928,-22.02660650291136,-12.454291402347932,42.15013992782993,-15.845819031846544,18.34798710005149,10.244809082013909,17.580184755216138,0,11.994001950586267,55.93019152195247,0.9052366504278392,COMPLETE
91,1.194030340303403,2026-05-10 18:26:50.555217,2026-05-10 18:26:58.075626,0 days 00:00:07.520409,50.59511291286072,24.423589616660475,21.35041688444867,58.920870372789125,-4.515060104875927,-12.783629204856238,-14.04372315249371,-22.67753302030001,61.25829367138109,-14.025905083000596,40.48512453077699,13.634888862173916,13.393922999341303,0,3.2344922483829004,61.37255915790301,3.3837931813662374,COMPLETE
92,1.218943899827004,2026-05-10 18:26:58.075663,2026-05-10 18:27:05.615023,0 days 00:00:07.539360,68.13467583160805,30.788534267976516,18.72586850603154,31.8463261482778,-10.972585216741454,-32.22350219174521,-16.748311099712474,-39.4162237723807,70.67716997774346,-11.349911438575427,35.26389653794206,11.076188205637632,15.618918271377407,0,11.11292394932205,64.5535997448471,3.008193508481956,COMPLETE
93,1.2162214894201704,2026-05-10 18:27:05.615064,2026-05-10 18:27:13.190616,0 days 00:00:07.575552,55.74604146683581,28.734879478420787,29.992881061197984,35.102563806514645,-8.732824592789116,-27.862706068003824,-23.22239695467676,-17.266085195620512,63.23324139603618,-16.44739441739804,33.403101508652995,15.425714027868446,28.614098150317737,0,0.4474343894835437,75.81873293517157,3.7553405179472543,COMPLETE
94,1.1252024152600522,2026-05-10 18:27:13.190658,2026-05-10 18:27:20.600785,0 days 00:00:07.410127,34.329536543877424,25.172936021331374,23.559578922577643,53.409285465392216,-17.054681539064127,-11.071194515493604,-25.506688473159333,-26.843074359111224,65.93329160597203,-12.615141268534042,37.59255429364091,12.986870947289646,16.92199290947634,0,14.778468341741894,67.2111753391964,1.7438979624500455,COMPLETE
95,1.244535519125683,2026-05-10 18:27:20.600825,2026-05-10 18:27:28.125488,0 days 00:00:07.524663,73.97270648658336,21.757728051448357,15.382072669098722,62.569497904717764,-10.404265625977644,-9.931609689777453,-26.988088222444652,-48.126960062341695,53.32486842385288,-14.357182113193577,16.316260392374865,18.627667295095097,24.819878220827505,0,13.663432250393214,78.26394930254531,6.664769936671245,COMPLETE
96,1.2131865413161802,2026-05-10 18:27:28.125530,2026-05-10 18:27:35.366700,0 days 00:00:07.241170,33.200565276977436,40.477882708469195,-7.7114445716611115,65.8285815455207,-12.200522705708028,-36.44144953285988,-21.106724794734866,-10.678586934582786,80.48268076898326,-17.590645534276494,20.33225847208461,14.222682647730947,23.804303060227355,0,12.853552251168454,99.17356881092817,5.191555528473275,COMPLETE
97,1.2320739286882565,2026-05-10 18:27:35.366743,2026-05-10 18:27:42.918635,0 days 00:00:07.551892,59.33339448376198,27.014075759584088,25.815256037860745,42.298536916114514,-7.953355090193153,-14.49278457218045,-8.806425096684123,-9.03586955943144,93.24540914343922,-19.982404599830584,28.69099602042029,17.511795632019854,20.899124362422285,0,9.761361295216835,47.97430098934767,2.3122264250253903,COMPLETE
98,1.2478744747187203,2026-05-10 18:27:42.918679,2026-05-10 18:27:51.439885,0 days 00:00:08.521206,44.00621093541168,32.286098012456776,19.15130704182281,57.11228475400318,-13.121908020766977,-39.21164963323358,-17.351482497002714,-43.404422865731874,58.74303062293786,-9.909703941594294,30.20868956944505,14.90010186591875,14.453601434253635,0,10.309711531346935,59.242858522719516,5.914380380624109,COMPLETE
99,1.2285539536915684,2026-05-10 18:27:51.439928,2026-05-10 18:27:58.874848,0 days 00:00:07.434920,31.035541931064415,34.101703734867534,24.734062580822037,27.26424359525598,-2.4123843560607012,-15.690406987744863,-11.915396954620729,-35.23206302633485,98.48496694271122,-12.680446627240837,23.6446971085782,29.02603598436703,29.57269869965132,1,7.134441584728238,44.781256809579425,4.051061319528237,COMPLETE
100,1.1987990435822193,2026-05-10 18:27:58.874888,2026-05-10 18:28:06.450101,0 days 00:00:07.575213,39.70136309794039,42.75158892553444,-6.129286327438313,75.64958714955259,-14.409134476603732,-11.839724786633024,-19.560818800351672,-15.514030639323572,83.69804712616069,-15.579224669975861,13.904209710451216,11.752541641170136,26.03208065592613,0,5.413442642570907,49.72719736254803,4.696025668076289,COMPLETE
101,1.2195806750640712,2026-05-10 18:28:06.450142,2026-05-10 18:28:13.944077,0 days 00:00:07.493935,46.11346963218122,47.621310368571336,23.711275297498386,30.123453882770786,-4.250367486535068,-37.91628556909566,-11.979251043709072,-25.209699742235447,65.45332901381566,-9.083817620980504,33.93026753971083,20.182700504352574,26.421409768920757,0,1.4925196745068374,44.876148829079895,5.093660085978302,COMPLETE
102,1.241133069828722,2026-05-10 18:28:13.944117,2026-05-10 18:28:21.705280,0 days 00:00:07.761163,51.31135250995965,43.215260297411184,20.874678871868607,31.446368425899077,-1.2062696192563185,-34.17417388817085,-13.99249244425511,-25.542657935560715,63.84111337472111,-5.989665264822884,34.54590694820155,15.931389505780444,28.206998719989357,0,1.9870113408935337,42.8883733500572,5.375085494902557,COMPLETE
103,1.1817500616218881,2026-05-10 18:28:21.705321,2026-05-10 18:28:28.941015,0 days 00:00:07.235694,47.11059498765626,37.79379365827474,22.05391599444649,34.155488657809656,-1.7292693354650024,-32.72355354996765,-15.110752321103382,-28.22788784189557,57.66032314642571,-8.370383369781704,33.1969604008836,16.974467893285144,26.973767759295917,0,2.9785321000112406,40.30054453960315,1.2941662252041986,COMPLETE
104,1.2603690299939683,2026-05-10 18:28:28.941058,2026-05-10 18:28:36.319325,0 days 00:00:07.378267,45.320597947674116,23.574394963130075,26.83933327432705,32.43676317592716,-7.132601454100116,-37.042261396165614,-11.062746096278364,-30.336423273592207,87.1928177119999,-11.299946241019736,38.62143563397106,17.990123671401488,30.634673206570884,0,1.4496956690869967,69.76717723996381,7.5460152106544935,COMPLETE
105,1.2174293762357467,2026-05-10 18:28:36.319369,2026-05-10 18:28:44.324398,0 days 00:00:08.005029,69.25550005655458,24.12850878193638,29.028692807948485,38.09868637050098,-7.197839516913099,-36.49867968772303,-10.458940605719665,-29.864553452016573,86.3412239319078,-10.644797233796693,38.955376280631604,18.37503460320248,33.73531526452694,0,11.418260603751603,71.78823723270094,7.868993783301956,COMPLETE
106,1.1664920921578286,2026-05-10 18:28:44.324439,2026-05-10 18:28:51.932136,0 days 00:00:07.607697,42.55205756103098,23.21495976147912,27.42603221614692,38.7933459251542,-9.226948305147463,-39.93185864578116,-28.276505926259592,-30.875996413763197,89.74044922685133,-13.272761215810814,40.50801477102832,12.714115558825162,31.158077010370327,0,1.1842701865837986,66.35126092357227,7.150188870557538,COMPLETE
107,1.2689930357965475,2026-05-10 18:28:51.932181,2026-05-10 18:28:59.506441,0 days 00:00:07.574260,95.97199278681052,30.031692878240584,26.727312544918476,32.975393156151505,-11.95071072048646,-9.457132311460608,-12.937546523670164,-40.450316541074486,87.58722125244128,-11.542261408069404,38.141668541500756,19.120063376142436,32.385034571784196,0,12.34830912093763,69.93257910275044,9.277874531400135,COMPLETE
108,1.2697952311118352,2026-05-10 18:28:59.506482,2026-05-10 18:29:07.329127,0 days 00:00:07.822645,96.02882389722863,20.346099927233297,26.504233055129856,36.59814597017061,-5.158941225841845,-9.448671148829794,-12.954722058314886,-40.398426569375175,87.5189430185273,-18.642656867350297,38.18133332841485,13.511872065049523,35.29033033070013,0,12.308053744446463,70.0194777212887,6.12601970789561,COMPLETE
109,1.2226018450485754,2026-05-10 18:29:07.329167,2026-05-10 18:29:15.067428,0 days 00:00:07.738261,96.37609280249515,25.74604715814761,26.536875610976967,41.1279323890444,-5.5706497668833075,-22.574277016851862,-12.997440813241383,-37.203873481724344,87.43296728891319,-18.5121548847225,38.1790777964006,21.230869777697016,35.2586451222597,0,11.971629698857894,74.56706833055817,8.827530976061798,COMPLETE
110,1.1575527598507747,2026-05-10 18:29:15.067467,2026-05-10 18:29:22.549212,0 days 00:00:07.481745,98.17532133123825,21.302387961005508,25.839839730615147,35.476413982954746,-5.062148890130402,-38.37319101964941,-7.122703133850885,-40.78492864143338,84.47614295560625,-17.14652250546397,36.94938536752176,14.871273759940816,36.96428886123822,0,10.594310004928433,73.29877948729127,8.466119825441062,COMPLETE
111,1.1813296573670207,2026-05-10 18:29:22.549255,2026-05-10 18:29:29.869092,0 days 00:00:07.319837,92.00241386165119,20.656893728508386,28.467611300493584,32.470944401798604,-12.187993023153473,-9.136644838439432,-11.171846923843162,-40.5016130262746,91.4173565278115,-19.05534167511428,39.57637221691489,13.81923923615411,32.16491445919816,0,12.452568234141669,70.53097886581463,6.155910563515601,COMPLETE
112,1.238470123860079,2026-05-10 18:29:29.869134,2026-05-10 18:29:37.489322,0 days 00:00:07.620188,89.71526941182768,22.952418811113944,27.199585252465525,29.205293609169416,-11.45655226668019,-6.6127332194831165,-8.996061167756302,-41.67564616737754,89.12869773135711,-11.672805697025884,38.32648878113174,13.49805421578629,34.68478971004997,0,14.130188002539906,69.2977323116402,5.673275363204292,COMPLETE
113,1.2205270006506181,2026-05-10 18:29:37.489362,2026-05-10 18:29:45.008423,0 days 00:00:07.519061,99.90128203156833,28.295494568779123,24.843029504239286,33.57634556008709,-6.614809825242665,-11.42035015344787,-12.912052487633154,-35.89866114880774,95.3002277605237,-14.919463182600907,42.71532025533543,37.39632335735245,35.940644514563616,0,13.233224763841205,77.30348978847054,9.439470659588341,COMPLETE
114,1.1943288453692371,2026-05-10 18:29:45.008465,2026-05-10 18:29:53.056272,0 days 00:00:08.047807,30.069238427829546,74.92542069214792,26.411341657269254,36.57200795904653,-10.291379452051943,-7.852648698864303,-15.254339945874818,-39.02124018166261,86.80131428787654,16.46855259701086,41.17387467211122,12.338527542484593,27.612607484153372,0,0.5833745888070578,81.14982437644505,19.632060921052837,COMPLETE
115,1.2171736468283125,2026-05-10 18:29:53.056315,2026-05-10 18:30:00.523592,0 days 00:00:07.467277,95.63210175678087,51.44065263877174,23.171986948779573,34.58567550544191,-7.863119548209831,-9.136419798028482,-16.422274870462658,-34.004686095635094,79.99896212632271,-17.90542703671087,35.46726936278671,16.305263596812882,32.92099309248809,0,12.183066177721008,62.56674188346186,6.792411540056292,COMPLETE
116,1.1897305594386427,2026-05-10 18:30:00.523635,2026-05-10 18:30:07.765246,0 days 00:00:07.241611,93.42825887785796,20.245047444796782,25.347092642738147,31.155460489020115,-13.354337864430308,-12.681533161908034,-4.874982787419523,-37.569404660225516,85.19216654332283,-16.6042625591415,12.540020994665161,15.530829093505412,37.61693705864883,0,13.833355155709008,72.13994117325531,10.586811390507963,COMPLETE
117,1.1664986246153008,2026-05-10 18:30:07.765287,2026-05-10 18:30:15.461864,0 days 00:00:07.696577,97.88089059027809,30.05643920375848,8.932312691312767,71.23317158727345,-3.2897142403363295,-9.980645072237564,-24.10873875053866,-23.24154404344668,92.64352019639527,-11.034684244255445,22.63242222611163,11.338634376119536,33.63900962048888,0,11.231720430282383,69.68999574472709,6.447591047228744,COMPLETE
118,1.1686119702642574,2026-05-10 18:30:15.461908,2026-05-10 18:30:22.811646,0 days 00:00:07.349738,94.36975359706847,24.183623313211953,6.534619366160011,39.03166663967259,-14.300078270034259,-5.928434594265355,-19.28141965457204,-43.86331600187833,88.26095027392441,-14.171376686806623,37.320801956687546,10.487300993837545,28.958812853900746,0,14.61130151232275,52.647821184568755,7.425858522506357,COMPLETE
119,1.1930326227124317,2026-05-10 18:30:22.811687,2026-05-10 18:30:30.486483,0 days 00:00:07.674796,35.71306986738819,20.00217100994384,-3.245994391534067,26.823927041575185,-15.622467837242649,-28.383204790462358,-10.841295684411683,-32.13822047021281,82.94930076332136,-19.345885498604524,15.469887612089904,9.630602816506702,32.00221947562333,0,13.380877785517018,57.21315833656484,4.768076776325508,COMPLETE
120,1.202678936605317,2026-05-10 18:30:30.486524,2026-05-10 18:30:38.243385,0 days 00:00:07.756861,31.901109747035242,27.27743796053336,26.768916119175913,73.86529159528955,-17.386927712197075,-10.613069673241903,-30.33353494354371,-39.92680175616642,91.19866894389523,-15.607201836386144,36.30226117568539,14.344398512008926,30.63006960435755,0,11.683258657416243,67.96443735467511,0.0225441353737606,COMPLETE
121,1.150932157247087,2026-05-10 18:30:38.243430,2026-05-10 18:30:45.595999,0 days 00:00:07.352569,38.217922695901485,32.279313635627354,16.335984911019466,68.6980633289202,-9.711725142373936,-10.240989078451271,-29.404373504562656,-41.67741133213473,60.177641370842714,-12.132406414273948,39.69881938555707,18.155516733118,29.85840949933675,0,2.7198914045824187,65.7413089516269,7.958997727566339,COMPLETE
122,1.1280523704968692,2026-05-10 18:30:45.596043,2026-05-10 18:30:53.389562,0 days 00:00:07.793519,44.316125262785135,25.700913807965282,17.51007528173971,66.83458702957252,-8.597112816254565,-11.740181759650078,-34.082427595818096,-38.69287405873155,95.71455378156247,-10.398546607415133,28.49050934965679,19.742541228611653,30.671556329575225,0,12.971270983474898,65.05954893958432,0.7688623588942555,COMPLETE
123,1.1468208123749255,2026-05-10 18:30:53.389603,2026-05-10 18:31:01.483004,0 days 00:00:08.093401,72.20746124900461,63.34103526642894,27.972094068865903,61.697326210688026,-11.554978014240326,-8.355117993689765,-31.559757109125755,-7.744691394440239,93.70637309124781,-13.107964335141027,38.461841286269255,16.951768041074565,25.18899114554263,0,10.671531742926678,63.47630660809334,4.142637622257638,COMPLETE
124,1.1806421943007308,2026-05-10 18:31:01.483045,2026-05-10 18:31:10.040108,0 days 00:00:08.557063,77.12621842254576,29.331548909764923,22.525707511102116,32.98095468374797,-5.904728029974141,-14.136136854335218,-35.590582051665265,-43.157376368627936,89.39299278968782,-7.722518361857718,24.863500360545714,13.221805863859732,28.317697522858573,0,4.277460723803174,66.82599157482652,2.7493464992818164,COMPLETE
125,1.2023556392824966,2026-05-10 18:31:10.040151,2026-05-10 18:31:17.488139,0 days 00:00:07.447988,89.28349822283951,22.109116164258644,24.593284013228207,55.40397459833093,-7.397812544606568,-7.215346016140484,-9.572693455550386,-36.319394417035774,81.56756319157286,-9.69108918493593,29.97518521506849,18.86382564618638,18.854947902268293,0,15.371703989322178,74.80181679482253,7.716803049230171,COMPLETE
126,1.235097652504999,2026-05-10 18:31:17.488180,2026-05-10 18:31:24.908268,0 days 00:00:07.420088,84.45974524368572,30.5053806875039,20.003238405252812,51.65068549265572,-9.508896337260785,-13.217755947097924,-32.53580509300334,-11.7027036121912,62.223691131714254,-11.4063805374844,35.79650579864011,15.395661870314907,32.540701125818075,0,12.536351542246727,50.961589503110574,5.652432160932253,COMPLETE
127,1.2347406434668418,2026-05-10 18:31:24.908323,2026-05-10 18:31:32.628439,0 days 00:00:07.720116,96.55932473731883,35.88455864075124,-0.014439440191591935,48.26672391172386,-11.026458218793776,-9.329115588831172,-13.707171961648704,-45.3065435862796,90.94047543275593,-13.729528834452669,31.924194261367237,17.499319147572724,31.785725409106934,0,2.1479909224483604,68.91682634033724,3.6156923400755767,COMPLETE
128,1.1950782288022994,2026-05-10 18:31:32.628482,2026-05-10 18:31:40.747278,0 days 00:00:08.118796,65.70088557857707,53.66876596324293,27.407040034680453,37.52870231246808,-4.0590800198683645,-10.980899258989837,-26.450109702644983,-26.842419271230327,67.47713713133385,-18.340089016611728,27.209392019984023,19.167674774512275,36.710608403479384,0,9.286283384810584,70.34577123995048,9.153054126702958,COMPLETE
129,1.2560097919216646,2026-05-10 18:31:40.747319,2026-05-10 18:31:48.382299,0 days 00:00:07.634980,92.1659663570795,33.42391476900066,10.700445429938156,28.99513272618076,-20.465585477991297,-35.72119404814408,-17.525760716454727,-29.324339304724212,97.97658682958925,-16.415239666303876,14.406449770319087,14.569286630894464,34.88650288640511,1,8.662287450655176,54.13069947146544,18.67283802813852,COMPLETE
130,1.2051450676982591,2026-05-10 18:31:48.382340,2026-05-10 18:31:56.178371,0 days 00:00:07.796031,91.71445832118158,33.947919590766894,10.258949227195645,28.663077946293594,-20.811951108927506,-35.05955173765843,-15.817090096295175,-28.91109383597533,98.43355306432187,-16.623066268649794,14.460141572071919,14.691335123591957,35.02624863250207,1,11.823978510239014,53.88699961081187,4.476981035968725,COMPLETE
131,1.2180557599542148,2026-05-10 18:31:56.178413,2026-05-10 18:32:03.818892,0 days 00:00:07.640479,33.53688367008199,31.95752765714328,18.318775714241422,24.564608278151116,-16.132160137510557,-36.2527745836426,-17.37489198810272,-30.00319064950988,93.65736876810334,-12.235804567537741,13.45644020047742,11.957710724789562,38.33686549296545,1,8.885133806982212,58.388649398387514,17.995234822619672,COMPLETE
132,1.2260883151056656,2026-05-10 18:32:03.818934,2026-05-10 18:32:10.942439,0 days 00:00:07.123505,92.57229401000856,33.17222212278165,-6.157878875997902,31.172483988987054,-12.732018076540138,-37.287557960407916,-14.384643477018704,-27.868150780244928,96.28459605715891,-19.879129742071832,17.207199843439792,12.755206898779143,36.01414530340637,0,7.725324139307373,49.00815329210821,16.52146715380367,COMPLETE
133,1.1767121359748836,2026-05-10 18:32:10.942479,2026-05-10 18:32:18.743894,0 days 00:00:07.801415,36.55525218772882,23.46382592558784,14.429283073049623,36.25728992504614,-15.140300409736081,-38.780053740586986,-12.796474679824161,-40.02920470784752,98.40103359751483,-17.445096771029757,16.17193776875752,16.036284224259912,33.254535778365884,1,10.119008037128905,52.219592100599776,9.948092814460846,COMPLETE
134,1.269153997396915,2026-05-10 18:32:18.743937,2026-05-10 18:32:25.611911,0 days 00:00:06.867974,88.6268014530693,34.78421155022708,-8.819613973386588,29.63425174226457,-23.76831475193954,-32.973215619700326,-18.490124567262168,-2.932909997407858,78.26646225048233,-14.871507456306716,19.144899891786704,22.821569147998066,34.17530065170278,0,8.160021775046854,59.79079331377119,8.206648058896079,COMPLETE
135,1.2317796772691159,2026-05-10 18:32:25.611953,2026-05-10 18:32:33.254194,0 days 00:00:07.642241,88.30155803301119,22.12364091613426,-8.423803806172714,30.506575255404307,-24.927809899857863,-35.74494323494345,-17.665640936955583,-32.13014286521083,77.8673284475546,-16.21690185003918,11.122261780422733,22.52329234117905,40.19708262134474,0,7.8398764865707316,54.348706757783404,14.60844748311452,COMPLETE
136,1.2447809802963687,2026-05-10 18:32:33.254231,2026-05-10 18:32:41.391790,0 days 00:00:08.137559,85.52785666545607,37.11505299651714,-8.19874922915682,29.00283765003564,-28.495913938864376,-37.4070139500111,-18.306700163855744,-5.0379035421272365,30.255374887630076,-15.182777252967924,37.00317788979646,24.78038538179841,34.697975241142224,0,12.36653456186276,61.50523516347843,7.447509927361785,COMPLETE
137,1.1572591029594763,2026-05-10 18:32:41.391831,2026-05-10 18:32:49.148729,0 days 00:00:07.756898,94.08180208057877,34.795854948656746,12.947772743103457,32.173005732659426,-23.423646453044753,-37.92706645396049,-16.640206127295745,-21.20454193873685,76.26098634916379,-14.536008381192215,19.47218113542535,23.723392432695277,11.796420616475107,0,10.988736427931189,46.03722547843079,8.540290951588194,COMPLETE
138,1.2490629914742157,2026-05-10 18:32:49.148772,2026-05-10 18:32:56.396411,0 days 00:00:07.247639,95.21262254637801,59.5895879479863,3.9658637906872363,34.220573382524805,-20.37430877930855,-34.345890574517085,-21.105719476356356,-37.9530964784647,85.18579442595015,-13.09469825821582,14.820177982612337,13.913111461207118,33.95574792311592,0,8.544691975549425,56.59243192569208,6.058917294201021,COMPLETE
139,1.2326251133646633,2026-05-10 18:32:56.396454,2026-05-10 18:33:04.208929,0 days 00:00:07.812475,99.10729221247212,35.93256432749716,-9.065366320800884,27.81583882539597,-18.408826473843487,-33.74504722317913,-15.500066459809062,-1.6269740966495145,79.09929446190998,-18.77016378645843,18.242340151870994,13.133508402310524,24.560272712388617,0,0.007992507460622642,60.2941258543587,6.9638463476649335,COMPLETE
140,1.206467273515388,2026-05-10 18:33:04.208968,2026-05-10 18:33:12.302350,0 days 00:00:08.093382,90.76124111207858,26.493926506041824,11.218697020084932,23.223407472005427,-22.679414358997466,-31.40799648029271,-25.107721839237623,-3.208795382586196,83.75825486334287,8.81724542977662,20.630444890203762,11.400342494452525,38.35482324220672,0,12.75920849329486,47.21949355439466,18.554045969013657,COMPLETE
141,1.1579673271901927,2026-05-10 18:33:12.302392,2026-05-10 18:33:20.183206,0 days 00:00:07.880814,81.7769732560441,31.42268638369628,23.985323284473957,30.03839084320559,-10.459286875855929,-32.82201556013625,-27.5949493955896,-18.110546056393726,87.95852547983124,-10.182664692738166,37.87532985053236,19.9589985861927,29.379545029873512,0,6.677013152627809,55.21559510900123,8.921326263671574,COMPLETE
142,1.2117975195323172,2026-05-10 18:33:20.183249,2026-05-10 18:33:28.189432,0 days 00:00:08.006183,96.8132142004396,28.289861219340178,-6.569264682052175,70.48429329677712,-6.707261301857038,-12.504727812895734,-18.904275889202342,-6.7943958324980045,73.61212168276766,-11.27364584724537,34.568039161501936,17.784043776825044,35.607366327503584,0,9.681550401066984,64.50980830482139,8.14333524878559,COMPLETE
143,1.1880600914435009,2026-05-10 18:33:28.189475,2026-05-10 18:33:36.167749,0 days 00:00:07.978274,49.02570596627708,33.11578520060088,-5.3699548158626005,32.91001879102976,-4.840883948359213,-8.569259958394944,-37.874586705818786,-0.1387917371769425,92.14919545040019,-17.55051756894559,16.79165515003123,21.871408872773202,25.7701848664531,0,8.252800338838377,71.9557545845735,4.9238560808333425,COMPLETE
144,1.1379964090426835,2026-05-10 18:33:36.167791,2026-05-10 18:33:44.123993,0 days 00:00:07.956202,40.31785145451212,29.736548315695426,-9.913551066829896,64.09364975800969,-13.73690098358885,-36.819401045621866,-11.689278640925023,-9.626900365299676,62.16745847273855,-12.72019675631698,25.77827585168869,20.93420346075843,27.42421452827725,0,1.417180966303953,50.6391575275865,1.8276853729312168,COMPLETE
145,1.2228230534225086,2026-05-10 18:33:44.124034,2026-05-10 18:33:51.673474,0 days 00:00:07.549440,31.68379079354269,24.61574713950258,13.489031069413496,72.16683477566781,-25.873145204984006,-35.17605385754532,-34.64186195151601,-24.404101415300698,95.26279430383224,-15.13477331309472,12.590894060857021,16.637672410706212,30.45618876937557,0,1.042979455533759,93.39147450511273,6.627829789722581,COMPLETE
146,1.2445174371451744,2026-05-10 18:33:51.673514,2026-05-10 18:33:59.686248,0 days 00:00:08.012734,42.99866723497983,21.257653869268943,26.37519424942475,34.96293595872765,-19.3940340861128,-24.550144341427362,-29.346616129749357,-33.26682373100581,86.45391177495254,-14.245792569049737,15.657557153197684,15.173876564318196,34.069594563940015,0,3.7168131032176497,67.7791566758931,5.398951169791529,COMPLETE
147,1.2044460796337177,2026-05-10 18:33:59.686292,2026-05-10 18:34:07.435578,0 days 00:00:07.749286,88.64400982554973,30.682833622115343,12.22652783600891,77.32668180614517,-8.509365039572163,-10.830768593907074,-30.723775113518254,-42.32920675992848,81.21073012897823,-12.034779433706548,38.790719951246714,14.197734188249466,31.285487844613243,0,11.39983888228216,60.3243670724712,9.643795261134514,COMPLETE
148,1.209908965293018,2026-05-10 18:34:07.435626,2026-05-10 18:34:15.385930,0 days 00:00:07.950304,86.12015039839672,35.189534824269195,29.04925043812574,54.292587463190685,-11.791818934827791,-9.712340236903438,-14.434893221907261,-27.561115965798592,90.33363607386624,-13.615033567625543,41.109424326793295,12.481075667561303,15.118986187000326,0,7.544676539668497,62.65206329010505,8.460833178975466,COMPLETE
149,1.2426519487598802,2026-05-10 18:34:15.385972,2026-05-10 18:34:23.270240,0 days 00:00:07.884268,44.910307030302995,39.42262232813822,21.38512257346894,44.73080983792631,-5.790356242626324,-18.921886599973536,-32.540402729008676,-26.070089668486794,71.14103580909725,-15.90172898359992,23.01795672394473,23.89230950082289,28.643170825819265,1,1.9102437269644699,57.85580865923908,4.009407972390234,COMPLETE
